#
# A fatal error has been detected by the Java Runtime Environment:
#
#  SIGSEGV (0xb) at pc=0x00000001083ada6c, pid=3737, tid=16899
#
# JRE version: OpenJDK Runtime Environment Homebrew (25.0.1) (build 25.0.1)
# Java VM: OpenJDK 64-Bit Server VM Homebrew (25.0.1, mixed mode, sharing, tiered, compressed oops, compressed class ptrs, parallel gc, bsd-aarch64)
# Problematic frame:
# V  [libjvm.dylib+0x3ada6c]  InstanceKlass::can_be_verified_at_dumptime() const+0x34
#
# No core dump will be written. Core dumps have been disabled. To enable core dumping, try "ulimit -c unlimited" before starting Java again
#
# If you would like to submit a bug report, please visit:
#   https://github.com/Homebrew/homebrew-core/issues
#

---------------  S U M M A R Y ------------

Command Line: -Djdk.xml.maxGeneralEntitySizeLimit=0 -Djdk.xml.totalEntitySizeLimit=0 --add-modules=ALL-SYSTEM --add-opens=java.base/java.util=ALL-UNNAMED --add-opens=java.base/java.lang=ALL-UNNAMED --add-opens=java.base/sun.nio.fs=ALL-UNNAMED -Declipse.application=org.eclipse.jdt.ls.core.id1 -Dosgi.bundles.defaultStartLevel=4 -Declipse.product=org.eclipse.jdt.ls.core.product -Djava.import.generatesMetadataFilesAtProjectRoot=false -DDetectVMInstallationsJob.disabled=true -Dfile.encoding=utf8 -XX:+UseParallelGC -XX:GCTimeRatio=4 -XX:AdaptiveSizePolicyWeight=90 -Dsun.zip.disableMemoryMapping=true -Xmx2G -Xms100m -Xlog:disable -javaagent:/Users/fengjui/.vscode/extensions/redhat.java-1.51.2025120508/lombok/lombok-1.18.39-4050.jar -XX:+HeapDumpOnOutOfMemoryError -XX:HeapDumpPath=/Users/fengjui/Library/Application Support/Code/User/workspaceStorage/1f69b4f4f535ba1db53e49b8b07fbb34/redhat.java -Daether.dependencyCollector.impl=bf -XX:+UnlockDiagnosticVMOptions -XX:+AllowArchivingWithJavaAgent -XX:+AutoCreateSharedArchive -XX:SharedArchiveFile=/Users/fengjui/Library/Application Support/Code/User/globalStorage/redhat.java/1.51.2025120508/jdtls.jsa /Users/fengjui/.vscode/extensions/redhat.java-1.51.2025120508/server/plugins/org.eclipse.equinox.launcher_1.7.100.v20251111-0406.jar -configuration /Users/fengjui/Library/Application Support/Code/User/globalStorage/redhat.java/1.51.2025120508/config_mac -data /Users/fengjui/Library/Application Support/Code/User/workspaceStorage/1f69b4f4f535ba1db53e49b8b07fbb34/redhat.java/jdt_ws --pipe=/private/var/folders/k0/g54dtb955sl_pgdcp17hjvh00000gn/T/lsp-8d70eaaf563d8c9d7ab1debcf2f19866.sock

Host: "Mac15,13" arm64, 8 cores, 8G, Darwin 24.1.0, macOS 15.1.1 (24B91)
Time: Sun Dec  7 22:38:11 2025 CST elapsed time: 50371.651423 seconds (0d 13h 59m 31s)

---------------  T H R E A D  ---------------

Current thread (0x0000000139017800):  VMThread "VM Thread"          [id=16899, stack(0x000000016dce8000,0x000000016deeb000) (2060K)]

Stack: [0x000000016dce8000,0x000000016deeb000],  sp=0x000000016deea6f0,  free space=2057k
Native frames: (J=compiled Java code, j=interpreted, Vv=VM code, C=native code)
V  [libjvm.dylib+0x3ada6c]  InstanceKlass::can_be_verified_at_dumptime() const+0x34
V  [libjvm.dylib+0x3adad8]  InstanceKlass::can_be_verified_at_dumptime() const+0xa0
V  [libjvm.dylib+0x3ad658]  InstanceKlass::metaspace_pointers_do(MetaspaceClosure*)+0x1e0
V  [libjvm.dylib+0x2cbfec]  DynamicArchiveBuilder::remark_pointers_for_instance_klass(InstanceKlass*, bool) const+0x4c
V  [libjvm.dylib+0x2cbec8]  DynamicArchiveBuilder::sort_methods(InstanceKlass*) const+0xf4
V  [libjvm.dylib+0x2cbdb4]  DynamicArchiveBuilder::sort_methods()+0x5c
V  [libjvm.dylib+0x2cce38]  DynamicArchiveBuilder::doit()+0xec
V  [libjvm.dylib+0x2ccb44]  VM_PopulateDynamicDumpSharedSpace::doit()+0xbc
V  [libjvm.dylib+0x8d21b0]  VM_Operation::evaluate()+0xf8
V  [libjvm.dylib+0x8e0e38]  VMThread::evaluate_operation(VM_Operation*)+0xf8
V  [libjvm.dylib+0x8e1478]  VMThread::inner_execute(VM_Operation*)+0x1f4
V  [libjvm.dylib+0x8e0c64]  VMThread::loop()+0x68
V  [libjvm.dylib+0x8e0aec]  VMThread::run()+0x84
V  [libjvm.dylib+0x86e150]  Thread::call_run()+0x8c
V  [libjvm.dylib+0x6aafbc]  thread_native_entry(Thread*)+0xcc
C  [libsystem_pthread.dylib+0x72e4]  _pthread_start+0x88

siginfo: si_signo: 11 (SIGSEGV), si_code: 2 (SEGV_ACCERR), si_addr: 0x00000000000000e0

Registers:
 x0=0x0000000000000000  x1=0x0000000000000000  x2=0x0000000000000000  x3=0x000000014aad7cb0
 x4=0x0000000000000000  x5=0x000000030067ce68  x6=0x0000000000000000  x7=0x0000000378404068
 x8=0x0000000300d94000  x9=0x0000000300000000 x10=0x0000000000000000 x11=0x0000000000000019
x12=0x0000000000000020 x13=0x0000000000000001 x14=0x00000003786656d8 x15=0x0000000300175898
x16=0x000000019b093ae0 x17=0x00000002083d2480 x18=0x0000000000000000 x19=0x0000000000000000
x20=0x0000000000000000 x21=0x00000003786662e0 x22=0x0000000000000002 x23=0x00000003786662f8
x24=0x0000000108b38000 x25=0x000000016deea970 x26=0x0000000000000000 x27=0x0000000000000000
x28=0x0000000000000000  fp=0x000000016deea700  lr=0x00000001083adad8  sp=0x000000016deea6f0
pc=0x00000001083ada6c cpsr=0x0000000020001000

Register to memory mapping:

x0 =0x0 is null
x1 =0x0 is null
x2 =0x0 is null
x3 =0x000000014aad7cb0 points into unknown readable memory: 0x0000000000000000 | 00 00 00 00 00 00 00 00
x4 =0x0 is null
x5 =
[error occurred during error reporting (printing register info), id 0xb, SIGSEGV (0xb) at pc=0x00000001086a77f8]
x6 =0x0 is null
x7 =0x0000000378404068 points into unknown readable memory: 0x0000000300004710 | 10 47 00 00 03 00 00 00
x8 =0x0000000300d94000 is an unknown value
x9 =0x0000000300000000 points into nKlass protection zone
x10=0x0 is null
x11=0x0000000000000019 is an unknown value
x12=0x0000000000000020 is an unknown value
x13=0x0000000000000001 is an unknown value
x14=0x00000003786656d8 points into unknown readable memory: 0x0000000300004710 | 10 47 00 00 03 00 00 00
x15={method} {0x0000000300175898} 'finalize' '()V' in 'java/lang/Object'
x16=0x000000019b093ae0: _platform_memset+0 in /usr/lib/system/libsystem_platform.dylib at 0x000000019b090000
x17=0x00000002083d2480 points into unknown readable memory: 0x000000019b093ae0 | e0 3a 09 9b 01 00 00 00
x18=0x0 is null
x19=0x0 is null
x20=0x0 is null
x21=0x00000003786662e0 points into unknown readable memory: 0x0000000000000000 | 00 00 00 00 00 00 00 00
x22=0x0000000000000002 is an unknown value
x23=0x00000003786662f8 points into unknown readable memory: 0x000000037ae8c2e0 | e0 c2 e8 7a 03 00 00 00
x24=0x0000000108b38000: _ZL32jdk_internal_misc_Unsafe_methods+0x580 in /opt/homebrew/Cellar/openjdk/25.0.1/libexec/openjdk.jdk/Contents/Home/lib/server/libjvm.dylib at 0x0000000108000000
x25=0x000000016deea970 points into unknown readable memory: 0x0000000137719c10 | 10 9c 71 37 01 00 00 00
x26=0x0 is null
x27=0x0 is null
x28=0x0 is null
 fp=0x000000016deea700 points into unknown readable memory: 0x000000016deea720 | 20 a7 ee 6d 01 00 00 00
 lr=0x00000001083adad8: _ZNK13InstanceKlass27can_be_verified_at_dumptimeEv+0xa0 in /opt/homebrew/Cellar/openjdk/25.0.1/libexec/openjdk.jdk/Contents/Home/lib/server/libjvm.dylib at 0x0000000108000000
 sp=0x000000016deea6f0 points into unknown readable memory: 0x0000000000000000 | 00 00 00 00 00 00 00 00

Top of Stack: (sp=0x000000016deea6f0)
0x000000016deea6f0:   0000000000000000 000000037ae8bdf8   ...........z....
0x000000016deea700:   000000016deea720 00000001083adad8    ..m......:.....
0x000000016deea710:   0000000378666168 000000016deea7d0   hafx.......m....
0x000000016deea720:   000000016deea7c0 00000001083ad658   ...m....X.:.....
0x000000016deea730:   0000000137718d20 00000000000003d8    .q7............
0x000000016deea740:   0000000000000007 0000000000000000   ................
0x000000016deea750:   0000000139017800 000000016deea818   .x.9.......m....
0x000000016deea760:   000000016deea7f0 00000001085815f8   ...m......X.....
0x000000016deea770:   0000000000000000 0000000000000000   ................
0x000000016deea780:   0000000000000000 000000016deea970   ........p..m....
0x000000016deea790:   0000000108b38000 0000000108abb1e0   ................
0x000000016deea7a0:   0000000108b38540 0000000108b1d000   @...............
0x000000016deea7b0:   000000016d8c6088 0000000378666168   .`.m....hafx....
0x000000016deea7c0:   000000016deea7f0 00000001082cbfec   ...m......,.....
0x000000016deea7d0:   0000000108aebb60 0000000000000000   `...............
0x000000016deea7e0:   0000000100000000 0000000000000000   ................
0x000000016deea7f0:   000000016deea870 00000001082cbec8   p..m......,.....
0x000000016deea800:   0000000108b38540 0000000000060b3a   @.......:.......
0x000000016deea810:   000000016d8c6088 0000000378665280   .`.m.....Rfx....
0x000000016deea820:   0000000000000000 0000000100000000   ................
0x000000016deea830:   0000000108b38540 0000000108b1d000   @...............
0x000000016deea840:   0000000108b38000 0000000108abb1e0   ................
0x000000016deea850:   0000000108b38540 0000000108b1d000   @...............
0x000000016deea860:   0000000000000da2 000000016d8c6088   .........`.m....
0x000000016deea870:   000000016deea890 00000001082cbdb4   ...m......,.....
0x000000016deea880:   000000016d8c6088 0000000108bc9db0   .`.m............
0x000000016deea890:   000000016deea900 00000001082cce38   ...m....8.,.....
0x000000016deea8a0:   0000000137810938 0000000000000100   8..7............
0x000000016deea8b0:   0000000000000000 0000000000000000   ................
0x000000016deea8c0:   0000000000000000 000000016deea970   ........p..m....
0x000000016deea8d0:   0000000108b38000 0000000108abb1e0   ................
0x000000016deea8e0:   0000000108b38540 000000016deea918   @..........m....

Instructions: (pc=0x00000001083ada6c)
  0x00000001083ad96c:   14 7b 0a 94 95 c2 03 91 00 05 80 52 01 03 80 52
  0x00000001083ad97c:   02 00 80 52 d7 07 f5 97 e1 03 00 aa 17 08 00 b9
  0x00000001083ad98c:   1f 7c 01 a9 15 10 00 f9 d6 39 00 b0 d6 a2 1c 91
  0x00000001083ad99c:   16 00 00 f9 e0 03 13 aa 06 7b 0a 94 95 02 04 91
  0x00000001083ad9ac:   00 05 80 52 01 03 80 52 02 00 80 52 c9 07 f5 97
  0x00000001083ad9bc:   e1 03 00 aa 17 08 00 b9 1f 7c 01 a9 15 10 00 f9
  0x00000001083ad9cc:   16 00 00 f9 e0 03 13 aa fa 7a 0a 94 94 22 04 91
  0x00000001083ad9dc:   00 05 80 52 01 03 80 52 02 00 80 52 bd 07 f5 97
  0x00000001083ad9ec:   e1 03 00 aa 17 08 00 b9 1f 7c 01 a9 14 10 00 f9
  0x00000001083ad9fc:   28 3a 00 d0 08 41 13 91 08 00 00 f9 e0 03 13 aa
  0x00000001083ada0c:   ec 7a 0a 94 fd 7b 49 a9 f4 4f 48 a9 f6 57 47 a9
  0x00000001083ada1c:   f8 5f 46 a9 fa 67 45 a9 fc 6f 44 a9 ff 83 02 91
  0x00000001083ada2c:   c0 03 5f d6 15 00 80 52 0b ff ff 17 88 3c 00 f0
  0x00000001083ada3c:   08 81 07 91 08 01 40 f9 89 3c 00 f0 29 61 07 91
  0x00000001083ada4c:   29 01 40 f9 1f 01 00 eb 22 81 40 fa 69 01 00 54
  0x00000001083ada5c:   f4 4f be a9 fd 7b 01 a9 fd 43 00 91 f3 03 00 aa
=>0x00000001083ada6c:   08 70 40 f9 08 61 40 79 1f c9 00 71 a2 00 00 54
  0x00000001083ada7c:   00 00 80 52 1c 00 00 14 20 00 80 52 c0 03 5f d6
  0x00000001083ada8c:   68 02 40 f9 08 3d 40 f9 e0 03 13 aa 00 01 3f d6
  0x00000001083ada9c:   e0 00 00 b4 68 02 40 f9 08 3d 40 f9 e0 03 13 aa
  0x00000001083adaac:   00 01 3f d6 e2 ff ff 97 e0 01 00 34 69 d2 40 f9
  0x00000001083adabc:   28 01 40 b9 1f 05 00 71 4b 01 00 54 33 21 00 91
  0x00000001083adacc:   14 05 00 d1 60 86 40 f8 d9 ff ff 97 94 06 00 f1
  0x00000001083adadc:   e8 37 9f 1a 80 00 00 34 68 ff 07 37 02 00 00 14
  0x00000001083adaec:   20 00 80 52 fd 7b 41 a9 f4 4f c2 a8 c0 03 5f d6
  0x00000001083adafc:   f4 4f be a9 fd 7b 01 a9 fd 43 00 91 f3 03 00 aa
  0x00000001083adb0c:   08 c0 04 91 08 c1 bf 38 1f 09 00 71 83 00 00 54
  0x00000001083adb1c:   68 6a 41 79 08 01 1d 32 68 6a 01 79 69 d2 44 39
  0x00000001083adb2c:   e8 03 09 aa 2a 79 1a 12 bf 3b 03 d5 6b d2 04 91
  0x00000001083adb3c:   6a 7d a8 08 bf 3b 03 d5 1f 01 29 6b e9 03 08 aa
  0x00000001083adb4c:   21 ff ff 54 e0 03 13 aa b7 44 07 94 e0 03 13 aa
  0x00000001083adb5c:   e0 45 12 94 c0 08 00 37 7f c2 04 39 68 1e 40 79


Stack slot to memory mapping:

stack at sp + 0 slots: 0x0 is null
stack at sp + 1 slots: 0x000000037ae8bdf8 points into unknown readable memory: 0x000000000000001c | 1c 00 00 00 00 00 00 00
stack at sp + 2 slots: 0x000000016deea720 points into unknown readable memory: 0x000000016deea7c0 | c0 a7 ee 6d 01 00 00 00
stack at sp + 3 slots: 0x00000001083adad8: _ZNK13InstanceKlass27can_be_verified_at_dumptimeEv+0xa0 in /opt/homebrew/Cellar/openjdk/25.0.1/libexec/openjdk.jdk/Contents/Home/lib/server/libjvm.dylib at 0x0000000108000000
stack at sp + 4 slots: 0x0000000378666168 points into unknown readable memory: 0x0000000300004080 | 80 40 00 00 03 00 00 00
stack at sp + 5 slots: 0x000000016deea7d0 points into unknown readable memory: 0x0000000108aebb60 | 60 bb ae 08 01 00 00 00
stack at sp + 6 slots: 0x000000016deea7c0 points into unknown readable memory: 0x000000016deea7f0 | f0 a7 ee 6d 01 00 00 00
stack at sp + 7 slots: 0x00000001083ad658: _ZN13InstanceKlass21metaspace_pointers_doEP16MetaspaceClosure+0x1e0 in /opt/homebrew/Cellar/openjdk/25.0.1/libexec/openjdk.jdk/Contents/Home/lib/server/libjvm.dylib at 0x0000000108000000

VM_Operation (0x000000016d8c6078): PopulateDumpSharedSpace, mode: safepoint, requested by thread 0x0000000137808e00


---------------  P R O C E S S  ---------------

Threads class SMR info:
_java_thread_list=0x00000001274999b0, length=20, elements={
0x0000000137808e00, 0x000000013901da00, 0x0000000120008800, 0x000000013900e800,
0x0000000139808800, 0x000000013900f000, 0x0000000139020800, 0x000000010780a400,
0x000000013781d400, 0x0000000127811800, 0x00000001393dc200, 0x00000001388a6e00,
0x00000001078cc400, 0x00000001399cf400, 0x000000011703da00, 0x00000001207a9200,
0x00000001205e5e00, 0x0000000107f56e00, 0x0000000134765a00, 0x000000013467d200
}

Java Threads: ( => current thread )
  0x0000000137808e00 JavaThread "main"                              [_thread_blocked, id=3075, stack(0x000000016d6c4000,0x000000016d8c7000) (2060K)]
  0x000000013901da00 JavaThread "Reference Handler"          daemon [_thread_blocked, id=23299, stack(0x000000016e00c000,0x000000016e20f000) (2060K)]
  0x0000000120008800 JavaThread "Finalizer"                  daemon [_thread_blocked, id=23555, stack(0x000000016e218000,0x000000016e41b000) (2060K)]
  0x000000013900e800 JavaThread "Signal Dispatcher"          daemon [_thread_blocked, id=30467, stack(0x000000016e424000,0x000000016e627000) (2060K)]
  0x0000000139808800 JavaThread "Service Thread"             daemon [_thread_blocked, id=29955, stack(0x000000016e630000,0x000000016e833000) (2060K)]
  0x000000013900f000 JavaThread "Monitor Deflation Thread"   daemon [_thread_blocked, id=23811, stack(0x000000016e83c000,0x000000016ea3f000) (2060K)]
  0x0000000139020800 JavaThread "C2 CompilerThread0"         daemon [_thread_blocked, id=24323, stack(0x000000016ea48000,0x000000016ec4b000) (2060K)]
  0x000000010780a400 JavaThread "C1 CompilerThread0"         daemon [_thread_blocked, id=29187, stack(0x000000016ec54000,0x000000016ee57000) (2060K)]
  0x000000013781d400 JavaThread "Common-Cleaner"             daemon [_thread_blocked, id=24579, stack(0x000000016ee60000,0x000000016f063000) (2060K)]
  0x0000000127811800 JavaThread "Notification Thread"        daemon [_thread_blocked, id=24835, stack(0x000000016f06c000,0x000000016f26f000) (2060K)]
  0x00000001393dc200 JavaThread "pool-2-thread-1"                   [_thread_blocked, id=53763, stack(0x0000000343d0c000,0x0000000343f0f000) (2060K)]
  0x00000001388a6e00 JavaThread "WorkspaceEventsHandler"            [_thread_blocked, id=52995, stack(0x0000000344124000,0x0000000344327000) (2060K)]
  0x00000001078cc400 JavaThread "pool-1-thread-1"                   [_thread_blocked, id=52739, stack(0x0000000344330000,0x0000000344533000) (2060K)]
  0x00000001399cf400 JavaThread "Cleaner-0"                  daemon [_thread_blocked, id=80135, stack(0x00000003694fc000,0x00000003696ff000) (2060K)]
  0x000000011703da00 JavaThread "Java Debug Server"          daemon [_thread_in_native, id=84099, stack(0x0000000343f18000,0x000000034411b000) (2060K)]
  0x00000001207a9200 JavaThread "RxSchedulerPurge-1"         daemon [_thread_blocked, id=83723, stack(0x0000000344f78000,0x000000034517b000) (2060K)]
  0x00000001205e5e00 JavaThread "RxCachedWorkerPoolEvictor-1" daemon [_thread_blocked, id=67083, stack(0x0000000345184000,0x0000000345387000) (2060K)]
  0x0000000107f56e00 JavaThread "ForkJoinPool.commonPool-worker-459" daemon [_thread_blocked, id=80759, stack(0x000000016f9b4000,0x000000016fbb7000) (2060K)]
  0x0000000134765a00 JavaThread "pool-7-thread-1"                   [_thread_blocked, id=72243, stack(0x000000016fbc0000,0x000000016fdc3000) (2060K)]
  0x000000013467d200 JavaThread "C2 CompilerThread1"         daemon [_thread_blocked, id=50951, stack(0x00000001701e4000,0x00000001703e7000) (2060K)]
Total: 20

Other Threads:
=>0x0000000139017800 VMThread "VM Thread"                           [id=16899, stack(0x000000016dce8000,0x000000016deeb000) (2060K)]
  0x0000000127607430 WatcherThread "VM Periodic Task Thread"        [id=13575, stack(0x000000016dadc000,0x000000016dcdf000) (2060K)]
  0x000000013780a200 WorkerThread "GC Thread#0"                     [id=14339, stack(0x000000016d8d0000,0x000000016dad3000) (2060K)]
  0x0000000139b83200 WorkerThread "GC Thread#1"                     [id=25091, stack(0x000000016f278000,0x000000016f47b000) (2060K)]
  0x0000000127983600 WorkerThread "GC Thread#2"                     [id=25603, stack(0x000000016f484000,0x000000016f687000) (2060K)]
  0x0000000137855200 WorkerThread "GC Thread#3"                     [id=26115, stack(0x000000016f690000,0x000000016f893000) (2060K)]
  0x0000000139b8ce00 WorkerThread "GC Thread#4"                     [id=34051, stack(0x0000000341c4c000,0x0000000341e4f000) (2060K)]
  0x00000001379c9200 WorkerThread "GC Thread#5"                     [id=46855, stack(0x0000000342688000,0x000000034288b000) (2060K)]
  0x0000000139c2ea00 WorkerThread "GC Thread#6"                     [id=46343, stack(0x0000000342cac000,0x0000000342eaf000) (2060K)]
  0x0000000139c2f000 WorkerThread "GC Thread#7"                     [id=56067, stack(0x0000000342eb8000,0x00000003430bb000) (2060K)]
Total: 10

Threads with active compile tasks:
C2 CompilerThread0  50371659 50006       4       java.lang.invoke.DirectMethodHandle::make (275 bytes)
C1 CompilerThread0  50371659 50125       3       jdk.internal.classfile.impl.DirectCodeBuilder::getfield (22 bytes)
C2 CompilerThread1  50371659 50059   !   4       jdk.internal.classfile.impl.DirectCodeBuilder$4::tryGenerateStackMaps (48 bytes)
Total: 3

VM state: at safepoint (normal execution)

VM Mutex/Monitor currently owned by a thread:  ([mutex/lock_event])
[0x0000000108bc9db0] DumpTimeTable_lock - owner thread: 0x0000000139017800
[0x0000000108bca5b0] Threads_lock - owner thread: 0x0000000139017800
[0x0000000108bca730] Heap_lock - owner thread: 0x0000000137808e00

Heap address: 0x0000000780000000, size: 2048 MB, Compressed Oops mode: Zero based, Oop shift amount: 3

CDS archive(s) mapped at: [0x0000000300000000-0x0000000300d94000-0x0000000300d94000), size 14237696, SharedBaseAddress: 0x0000000300000000, ArchiveRelocationMode: 1.
Compressed class space mapped at: 0x0000000301000000-0x0000000341000000, reserved size: 1073741824
UseCompressedClassPointers 1, UseCompactObjectHeaders 0
Narrow klass pointer bits 32, Max shift 3
Narrow klass base: 0x0000000300000000, Narrow klass shift: 0
Encoding Range: [0x0000000300000000 - 0x0000000400000000), (4294967296 bytes)
Klass Range:    [0x0000000300004000 - 0x0000000341000000), (1090502656 bytes)
Klass ID Range:  [16384 - 1090519033) (1090502649)
Protection zone: [0x0000000300000000 - 0x0000000300004000), (16384 bytes)

GC Precious Log:
 CardTable entry size: 512
 CPUs: 8 total, 8 available
 Memory: 8192M
 Large Page Support: Disabled
 NUMA Support: Disabled
 Compressed Oops: Enabled (Zero based)
 Alignments: Space 512K, Generation 512K, Heap 8M
 Heap Min Capacity: 104M
 Heap Initial Capacity: 104M
 Heap Max Capacity: 2G
 Pre-touch: Disabled
 Parallel Workers: 8

Heap:
 PSYoungGen      total 40448K, used 28231K [0x00000007d5580000, 0x00000007d9100000, 0x0000000800000000)
  eden space 31232K, 62% used [0x00000007d5580000,0x00000007d686e630,0x00000007d7400000)
  from space 9216K, 95% used [0x00000007d8800000,0x00000007d90a3740,0x00000007d9100000)
  to   space 12288K, 0% used [0x00000007d7900000,0x00000007d7900000,0x00000007d8500000)
 ParOldGen       total 571904K, used 571888K [0x0000000780000000, 0x00000007a2e80000, 0x00000007d5580000)
  object space 571904K, 99% used [0x0000000780000000,0x00000007a2e7c348,0x00000007a2e80000)

Card table byte_map: [0x0000000107000000,0x0000000107400000] _byte_map_base: 0x0000000103400000

Marking Bits: (ParMarkBitMap*) 0x0000000108b54ef8
 Begin Bits: [0x0000000111a30000, 0x0000000113a30000)

Polling page: 0x0000000102850000

Metaspace:
Metaspace        used 101455K, committed 103680K, reserved 1179648K
 class space     used 8815K, committed 9792K, reserved 1048576K

Usage:
  Non-class:     90.47 MB used.
      Class:      8.61 MB used.
       Both:     99.08 MB used.

Virtual space:
  Non-class space:      128.00 MB reserved,      91.69 MB ( 72%) committed,  2 nodes.
      Class space:        1.00 GB reserved,       9.56 MB ( <1%) committed,  1 nodes.
             Both:        1.12 GB reserved,     101.25 MB (  9%) committed. 

Chunk freelists:
   Non-Class:  4.27 MB
       Class:  6.27 MB
        Both:  10.54 MB

MaxMetaspaceSize: unlimited
CompressedClassSpaceSize: 1.00 GB
Initial GC threshold: 21.00 MB
Current GC threshold: 165.31 MB
CDS: on
 - commit_granule_bytes: 65536.
 - commit_granule_words: 8192.
 - virtual_space_node_default_size: 8388608.
 - enlarge_chunks_in_place: 1.
UseCompressedClassPointers 1, UseCompactObjectHeaders 0
Narrow klass pointer bits 32, Max shift 3
Narrow klass base: 0x0000000300000000, Narrow klass shift: 0
Encoding Range: [0x0000000300000000 - 0x0000000400000000), (4294967296 bytes)
Klass Range:    [0x0000000300004000 - 0x0000000341000000), (1090502656 bytes)
Klass ID Range:  [16384 - 1090519033) (1090502649)
Protection zone: [0x0000000300000000 - 0x0000000300004000), (16384 bytes)


Internal statistics:

num_allocs_failed_limit: 11.
num_arena_births: 2530.
num_arena_deaths: 328.
num_vsnodes_births: 3.
num_vsnodes_deaths: 0.
num_space_committed: 1620.
num_space_uncommitted: 0.
num_chunks_returned_to_freelist: 381.
num_chunks_taken_from_freelist: 7756.
num_chunk_merges: 95.
num_chunk_splits: 4548.
num_chunks_enlarged: 2435.
num_inconsistent_stats: 0.

CodeHeap 'non-profiled nmethods': size=120048Kb used=19062Kb max_used=23153Kb free=100985Kb
 bounds [0x0000000141ac4000, 0x0000000143164000, 0x0000000149000000]
CodeHeap 'profiled nmethods': size=120016Kb used=33487Kb max_used=55861Kb free=86528Kb
 bounds [0x000000013a000000, 0x000000013d710000, 0x0000000141534000]
CodeHeap 'non-nmethods': size=5696Kb used=1521Kb max_used=1601Kb free=4174Kb
 bounds [0x0000000141534000, 0x00000001417a4000, 0x0000000141ac4000]
CodeCache: size=245760Kb, used=54070Kb, max_used=80615Kb, free=191687Kb
 total_blobs=23011, nmethods=22074, adapters=841, full_count=0
Compilation: enabled, stopped_count=0, restarted_count=0

Compilation events (20 events):
Event: 50370.152 Thread 0x000000010780a400 nmethod 50110 0x000000013b317948 code [0x000000013b317a40, 0x000000013b3183b8]
Event: 50370.152 Thread 0x000000010780a400 50111       3       jdk.internal.classfile.impl.UnboundAttribute::writeTo (6 bytes)
Event: 50370.153 Thread 0x000000010780a400 nmethod 50111 0x000000013b603848 code [0x000000013b603940, 0x000000013b603c48]
Event: 50370.155 Thread 0x000000010780a400 50117       3       java.lang.invoke.LambdaForm$Name::<init> (65 bytes)
Event: 50370.155 Thread 0x000000010780a400 nmethod 50117 0x000000013a8a8f88 code [0x000000013a8a9080, 0x000000013a8a92d0]
Event: 50370.157 Thread 0x000000010780a400 50118       3       java.lang.invoke.ClassSpecializer$Factory$1$1Var::slotSize (8 bytes)
Event: 50370.157 Thread 0x000000010780a400 nmethod 50118 0x000000013c6fd4c8 code [0x000000013c6fd5c0, 0x000000013c6fd8a8]
Event: 50370.157 Thread 0x000000010780a400 50127       3       jdk.internal.classfile.impl.AnnotationReader::writeAnnotations (52 bytes)
Event: 50370.158 Thread 0x000000010780a400 nmethod 50127 0x000000013a275c88 code [0x000000013a275d80, 0x000000013a276758]
Event: 50370.158 Thread 0x000000010780a400 50126       3       jdk.internal.classfile.impl.AbstractAttributeMapper$RuntimeVisibleAnnotationsMapper::writeBody (10 bytes)
Event: 50370.158 Thread 0x000000010780a400 nmethod 50126 0x000000013c660508 code [0x000000013c660600, 0x000000013c660998]
Event: 50370.158 Thread 0x000000010780a400 50119       1       java.lang.invoke.LambdaForm$BasicType::basicTypeWrapper (5 bytes)
Event: 50370.158 Thread 0x000000010780a400 nmethod 50119 0x0000000142287cc8 code [0x0000000142287dc0, 0x0000000142287ea0]
Event: 50370.158 Thread 0x000000010780a400 50120       3       java.lang.invoke.ClassSpecializer$Factory$1$1Var::isInHeap (13 bytes)
Event: 50370.158 Thread 0x000000010780a400 nmethod 50120 0x000000013a919d48 code [0x000000013a919e40, 0x000000013a919fb8]
Event: 50370.158 Thread 0x000000010780a400 50121       3       java.lang.invoke.ClassSpecializer$Factory$1$1Var::nextIndex (18 bytes)
Event: 50370.158 Thread 0x000000010780a400 nmethod 50121 0x000000013c663388 code [0x000000013c663480, 0x000000013c663820]
Event: 50370.158 Thread 0x000000010780a400 50122       3       java.lang.invoke.ClassSpecializer$Factory$1$1Var::<init> (137 bytes)
Event: 50370.160 Thread 0x000000010780a400 nmethod 50122 0x000000013b6310c8 code [0x000000013b6311c0, 0x000000013b632d70]
Event: 50370.160 Thread 0x000000010780a400 50125       3       jdk.internal.classfile.impl.DirectCodeBuilder::getfield (22 bytes)

GC Heap Usage History (20 events):
Event: 48162.356 {heap Before GC invocations=1898 (full 8):
 PSYoungGen      total 33280K, used 32867K [0x00000007d5580000, 0x00000007d8280000, 0x0000000800000000)
  eden space 30720K, 98% used [0x00000007d5580000,0x00000007d7319e00,0x00000007d7380000)
  from space 2560K, 99% used [0x00000007d7a80000,0x00000007d7cff130,0x00000007d7d00000)
  to   space 7168K, 0% used [0x00000007d7380000,0x00000007d7380000,0x00000007d7a80000)
 ParOldGen       total 525824K, used 525373K [0x0000000780000000, 0x00000007a0180000, 0x00000007d558Event: 48162.388 {heap After GC invocations=1898 (full 8):
 PSYoungGen      total 31744K, used 1295K [0x00000007d5580000, 0x00000007d7b00000, 0x0000000800000000)
  eden space 30208K, 0% used [0x00000007d5580000,0x00000007d5580000,0x00000007d7300000)
  from space 1536K, 84% used [0x00000007d7380000,0x00000007d74c3cb8,0x00000007d7500000)
  to   space 3584K, 0% used [0x00000007d7780000,0x00000007d7780000,0x00000007d7b00000)
 ParOldGen       total 528384K, used 527904K [0x0000000780000000, 0x00000007a0400000, 0x00000007d558000Event: 48162.615 {heap Before GC invocations=1899 (full 8):
 PSYoungGen      total 31744K, used 31503K [0x00000007d5580000, 0x00000007d7b00000, 0x0000000800000000)
  eden space 30208K, 100% used [0x00000007d5580000,0x00000007d7300000,0x00000007d7300000)
  from space 1536K, 84% used [0x00000007d7380000,0x00000007d74c3cb8,0x00000007d7500000)
  to   space 3584K, 0% used [0x00000007d7780000,0x00000007d7780000,0x00000007d7b00000)
 ParOldGen       total 528384K, used 527904K [0x0000000780000000, 0x00000007a0400000, 0x00000007d55Event: 48162.669 {heap After GC invocations=1899 (full 8):
 PSYoungGen      total 30720K, used 3553K [0x00000007d5580000, 0x00000007d8180000, 0x0000000800000000)
  eden space 27136K, 0% used [0x00000007d5580000,0x00000007d5580000,0x00000007d7000000)
  from space 3584K, 99% used [0x00000007d7780000,0x00000007d7af84f0,0x00000007d7b00000)
  to   space 7680K, 0% used [0x00000007d7000000,0x00000007d7000000,0x00000007d7780000)
 ParOldGen       total 531456K, used 531046K [0x0000000780000000, 0x00000007a0700000, 0x00000007d558000Event: 48162.808 {heap Before GC invocations=1900 (full 8):
 PSYoungGen      total 30720K, used 30689K [0x00000007d5580000, 0x00000007d8180000, 0x0000000800000000)
  eden space 27136K, 100% used [0x00000007d5580000,0x00000007d7000000,0x00000007d7000000)
  from space 3584K, 99% used [0x00000007d7780000,0x00000007d7af84f0,0x00000007d7b00000)
  to   space 7680K, 0% used [0x00000007d7000000,0x00000007d7000000,0x00000007d7780000)
 ParOldGen       total 531456K, used 531046K [0x0000000780000000, 0x00000007a0700000, 0x00000007d55Event: 48162.819 {heap After GC invocations=1900 (full 8):
 PSYoungGen      total 34304K, used 7657K [0x00000007d5580000, 0x00000007d8680000, 0x0000000800000000)
  eden space 26624K, 0% used [0x00000007d5580000,0x00000007d5580000,0x00000007d6f80000)
  from space 7680K, 99% used [0x00000007d7000000,0x00000007d777a670,0x00000007d7780000)
  to   space 11776K, 0% used [0x00000007d7b00000,0x00000007d7b00000,0x00000007d8680000)
 ParOldGen       total 534016K, used 533980K [0x0000000780000000, 0x00000007a0980000, 0x00000007d55800Event: 48162.884 {heap Before GC invocations=1901 (full 8):
 PSYoungGen      total 34304K, used 34281K [0x00000007d5580000, 0x00000007d8680000, 0x0000000800000000)
  eden space 26624K, 100% used [0x00000007d5580000,0x00000007d6f80000,0x00000007d6f80000)
  from space 7680K, 99% used [0x00000007d7000000,0x00000007d777a670,0x00000007d7780000)
  to   space 11776K, 0% used [0x00000007d7b00000,0x00000007d7b00000,0x00000007d8680000)
 ParOldGen       total 534016K, used 533980K [0x0000000780000000, 0x00000007a0980000, 0x00000007d5Event: 48162.898 {heap After GC invocations=1901 (full 8):
 PSYoungGen      total 35840K, used 9585K [0x00000007d5580000, 0x00000007d8480000, 0x0000000800000000)
  eden space 26112K, 0% used [0x00000007d5580000,0x00000007d5580000,0x00000007d6f00000)
  from space 9728K, 98% used [0x00000007d7b00000,0x00000007d845c510,0x00000007d8480000)
  to   space 10240K, 0% used [0x00000007d7080000,0x00000007d7080000,0x00000007d7a80000)
 ParOldGen       total 541696K, used 541520K [0x0000000780000000, 0x00000007a1100000, 0x00000007d55800Event: 48162.970 {heap Before GC invocations=1902 (full 8):
 PSYoungGen      total 35840K, used 35697K [0x00000007d5580000, 0x00000007d8480000, 0x0000000800000000)
  eden space 26112K, 100% used [0x00000007d5580000,0x00000007d6f00000,0x00000007d6f00000)
  from space 9728K, 98% used [0x00000007d7b00000,0x00000007d845c510,0x00000007d8480000)
  to   space 10240K, 0% used [0x00000007d7080000,0x00000007d7080000,0x00000007d7a80000)
 ParOldGen       total 541696K, used 541520K [0x0000000780000000, 0x00000007a1100000, 0x00000007d5Event: 48162.982 {heap After GC invocations=1902 (full 8):
 PSYoungGen      total 27648K, used 1909K [0x00000007d5580000, 0x00000007d7b80000, 0x0000000800000000)
  eden space 25600K, 0% used [0x00000007d5580000,0x00000007d5580000,0x00000007d6e80000)
  from space 2048K, 93% used [0x00000007d7080000,0x00000007d725d600,0x00000007d7280000)
  to   space 5120K, 0% used [0x00000007d7680000,0x00000007d7680000,0x00000007d7b80000)
 ParOldGen       total 545280K, used 544873K [0x0000000780000000, 0x00000007a1480000, 0x00000007d558000Event: 48163.038 {heap Before GC invocations=1903 (full 8):
 PSYoungGen      total 27648K, used 16509K [0x00000007d5580000, 0x00000007d7b80000, 0x0000000800000000)
  eden space 25600K, 57% used [0x00000007d5580000,0x00000007d63c2028,0x00000007d6e80000)
  from space 2048K, 93% used [0x00000007d7080000,0x00000007d725d600,0x00000007d7280000)
  to   space 5120K, 0% used [0x00000007d7680000,0x00000007d7680000,0x00000007d7b80000)
 ParOldGen       total 545280K, used 544873K [0x0000000780000000, 0x00000007a1480000, 0x00000007d558Event: 48163.044 {heap After GC invocations=1903 (full 8):
 PSYoungGen      total 33792K, used 240K [0x00000007d5580000, 0x00000007d7800000, 0x0000000800000000)
  eden space 32256K, 0% used [0x00000007d5580000,0x00000007d5580000,0x00000007d7500000)
  from space 1536K, 15% used [0x00000007d7680000,0x00000007d76bc010,0x00000007d7800000)
  to   space 1536K, 0% used [0x00000007d7500000,0x00000007d7500000,0x00000007d7680000)
 ParOldGen       total 553984K, used 553123K [0x0000000780000000, 0x00000007a1d00000, 0x00000007d5580000Event: 48163.749 {heap Before GC invocations=1904 (full 8):
 PSYoungGen      total 33792K, used 32496K [0x00000007d5580000, 0x00000007d7800000, 0x0000000800000000)
  eden space 32256K, 100% used [0x00000007d5580000,0x00000007d7500000,0x00000007d7500000)
  from space 1536K, 15% used [0x00000007d7680000,0x00000007d76bc010,0x00000007d7800000)
  to   space 1536K, 0% used [0x00000007d7500000,0x00000007d7500000,0x00000007d7680000)
 ParOldGen       total 553984K, used 553123K [0x0000000780000000, 0x00000007a1d00000, 0x00000007d55Event: 48163.792 {heap After GC invocations=1904 (full 8):
 PSYoungGen      total 33280K, used 1507K [0x00000007d5580000, 0x00000007d7880000, 0x0000000800000000)
  eden space 31744K, 0% used [0x00000007d5580000,0x00000007d5580000,0x00000007d7480000)
  from space 1536K, 98% used [0x00000007d7500000,0x00000007d7678d40,0x00000007d7680000)
  to   space 2048K, 0% used [0x00000007d7680000,0x00000007d7680000,0x00000007d7880000)
 ParOldGen       total 553984K, used 553331K [0x0000000780000000, 0x00000007a1d00000, 0x00000007d558000Event: 50368.804 {heap Before GC invocations=1905 (full 8):
 PSYoungGen      total 33280K, used 33143K [0x00000007d5580000, 0x00000007d7880000, 0x0000000800000000)
  eden space 31744K, 99% used [0x00000007d5580000,0x00000007d7465170,0x00000007d7480000)
  from space 1536K, 98% used [0x00000007d7500000,0x00000007d7678d40,0x00000007d7680000)
  to   space 2048K, 0% used [0x00000007d7680000,0x00000007d7680000,0x00000007d7880000)
 ParOldGen       total 553984K, used 553331K [0x0000000780000000, 0x00000007a1d00000, 0x00000007d558Event: 50368.888 {heap After GC invocations=1905 (full 8):
 PSYoungGen      total 33792K, used 1402K [0x00000007d5580000, 0x00000007d7800000, 0x0000000800000000)
  eden space 32256K, 0% used [0x00000007d5580000,0x00000007d5580000,0x00000007d7500000)
  from space 1536K, 91% used [0x00000007d7680000,0x00000007d77de888,0x00000007d7800000)
  to   space 1536K, 0% used [0x00000007d7500000,0x00000007d7500000,0x00000007d7680000)
 ParOldGen       total 555008K, used 554681K [0x0000000780000000, 0x00000007a1e00000, 0x00000007d558000Event: 50369.374 {heap Before GC invocations=1906 (full 8):
 PSYoungGen      total 33792K, used 33658K [0x00000007d5580000, 0x00000007d7800000, 0x0000000800000000)
  eden space 32256K, 100% used [0x00000007d5580000,0x00000007d7500000,0x00000007d7500000)
  from space 1536K, 91% used [0x00000007d7680000,0x00000007d77de888,0x00000007d7800000)
  to   space 1536K, 0% used [0x00000007d7500000,0x00000007d7500000,0x00000007d7680000)
 ParOldGen       total 555008K, used 554681K [0x0000000780000000, 0x00000007a1e00000, 0x00000007d55Event: 50369.378 {heap After GC invocations=1906 (full 8):
 PSYoungGen      total 33280K, used 1531K [0x00000007d5580000, 0x00000007d9b80000, 0x0000000800000000)
  eden space 31744K, 0% used [0x00000007d5580000,0x00000007d5580000,0x00000007d7480000)
  from space 1536K, 99% used [0x00000007d7500000,0x00000007d767ed50,0x00000007d7680000)
  to   space 19968K, 0% used [0x00000007d8800000,0x00000007d8800000,0x00000007d9b80000)
 ParOldGen       total 570368K, used 570363K [0x0000000780000000, 0x00000007a2d00000, 0x00000007d55800Event: 50370.122 {heap Before GC invocations=1907 (full 8):
 PSYoungGen      total 33280K, used 33272K [0x00000007d5580000, 0x00000007d9b80000, 0x0000000800000000)
  eden space 31744K, 99% used [0x00000007d5580000,0x00000007d747f418,0x00000007d7480000)
  from space 1536K, 99% used [0x00000007d7500000,0x00000007d767ed50,0x00000007d7680000)
  to   space 19968K, 0% used [0x00000007d8800000,0x00000007d8800000,0x00000007d9b80000)
 ParOldGen       total 570368K, used 570363K [0x0000000780000000, 0x00000007a2d00000, 0x00000007d55Event: 50370.127 {heap After GC invocations=1907 (full 8):
 PSYoungGen      total 40448K, used 8845K [0x00000007d5580000, 0x00000007d9100000, 0x0000000800000000)
  eden space 31232K, 0% used [0x00000007d5580000,0x00000007d5580000,0x00000007d7400000)
  from space 9216K, 95% used [0x00000007d8800000,0x00000007d90a3740,0x00000007d9100000)
  to   space 12288K, 0% used [0x00000007d7900000,0x00000007d7900000,0x00000007d8500000)
 ParOldGen       total 571904K, used 571888K [0x0000000780000000, 0x00000007a2e80000, 0x00000007d55800
Metaspace Usage History (20 events):
Event: 48162.356 {metaspace Before GC invocations=1898 (full 8):
 Metaspace       used 100018K, committed 101696K, reserved 1179648K
  class space    used 8551K, committed 9344K, reserved 1048576K
}
Event: 48162.388 {metaspace After GC invocations=1898 (full 8):
 Metaspace       used 100018K, committed 101696K, reserved 1179648K
  class space    used 8551K, committed 9344K, reserved 1048576K
}
Event: 48162.615 {metaspace Before GC invocations=1899 (full 8):
 Metaspace       used 100023K, committed 101696K, reserved 1179648K
  class space    used 8551K, committed 9344K, reserved 1048576K
}
Event: 48162.669 {metaspace After GC invocations=1899 (full 8):
 Metaspace       used 100023K, committed 101696K, reserved 1179648K
  class space    used 8551K, committed 9344K, reserved 1048576K
}
Event: 48162.808 {metaspace Before GC invocations=1900 (full 8):
 Metaspace       used 100023K, committed 101696K, reserved 1179648K
  class space    used 8551K, committed 9344K, reserved 1048576K
}
Event: 48162.819 {metaspace After GC invocations=1900 (full 8):
 Metaspace       used 100023K, committed 101696K, reserved 1179648K
  class space    used 8551K, committed 9344K, reserved 1048576K
}
Event: 48162.884 {metaspace Before GC invocations=1901 (full 8):
 Metaspace       used 100024K, committed 101696K, reserved 1179648K
  class space    used 8551K, committed 9344K, reserved 1048576K
}
Event: 48162.898 {metaspace After GC invocations=1901 (full 8):
 Metaspace       used 100024K, committed 101696K, reserved 1179648K
  class space    used 8551K, committed 9344K, reserved 1048576K
}
Event: 48162.970 {metaspace Before GC invocations=1902 (full 8):
 Metaspace       used 100024K, committed 101696K, reserved 1179648K
  class space    used 8551K, committed 9344K, reserved 1048576K
}
Event: 48162.982 {metaspace After GC invocations=1902 (full 8):
 Metaspace       used 100024K, committed 101696K, reserved 1179648K
  class space    used 8551K, committed 9344K, reserved 1048576K
}
Event: 48163.038 {metaspace Before GC invocations=1903 (full 8):
 Metaspace       used 100024K, committed 101696K, reserved 1179648K
  class space    used 8551K, committed 9344K, reserved 1048576K
}
Event: 48163.044 {metaspace After GC invocations=1903 (full 8):
 Metaspace       used 100024K, committed 101696K, reserved 1179648K
  class space    used 8551K, committed 9344K, reserved 1048576K
}
Event: 48163.749 {metaspace Before GC invocations=1904 (full 8):
 Metaspace       used 100025K, committed 101696K, reserved 1179648K
  class space    used 8551K, committed 9344K, reserved 1048576K
}
Event: 48163.792 {metaspace After GC invocations=1904 (full 8):
 Metaspace       used 100025K, committed 101696K, reserved 1179648K
  class space    used 8551K, committed 9344K, reserved 1048576K
}
Event: 50368.804 {metaspace Before GC invocations=1905 (full 8):
 Metaspace       used 100073K, committed 101760K, reserved 1179648K
  class space    used 8562K, committed 9344K, reserved 1048576K
}
Event: 50368.888 {metaspace After GC invocations=1905 (full 8):
 Metaspace       used 100073K, committed 101760K, reserved 1179648K
  class space    used 8562K, committed 9344K, reserved 1048576K
}
Event: 50369.374 {metaspace Before GC invocations=1906 (full 8):
 Metaspace       used 100265K, committed 102016K, reserved 1179648K
  class space    used 8593K, committed 9408K, reserved 1048576K
}
Event: 50369.378 {metaspace After GC invocations=1906 (full 8):
 Metaspace       used 100265K, committed 102016K, reserved 1179648K
  class space    used 8593K, committed 9408K, reserved 1048576K
}
Event: 50370.122 {metaspace Before GC invocations=1907 (full 8):
 Metaspace       used 100810K, committed 102784K, reserved 1179648K
  class space    used 8688K, committed 9600K, reserved 1048576K
}
Event: 50370.127 {metaspace After GC invocations=1907 (full 8):
 Metaspace       used 100810K, committed 102784K, reserved 1179648K
  class space    used 8688K, committed 9600K, reserved 1048576K
}

Dll operation events (20 events):
Event: 0.129 Loaded shared library /opt/homebrew/Cellar/openjdk/25.0.1/libexec/openjdk.jdk/Contents/Home/lib/libzip.dylib
Event: 0.153 Loaded shared library /opt/homebrew/Cellar/openjdk/25.0.1/libexec/openjdk.jdk/Contents/Home/lib/libjimage.dylib
Event: 0.213 Loaded shared library /opt/homebrew/Cellar/openjdk/25.0.1/libexec/openjdk.jdk/Contents/Home/lib/libverify.dylib
Event: 0.263 Loaded shared library /opt/homebrew/Cellar/openjdk/25.0.1/libexec/openjdk.jdk/Contents/Home/lib/libnet.dylib
Event: 1.790 Loaded shared library /Users/fengjui/Library/Application Support/Code/User/globalStorage/redhat.java/1.51.2025120508/config_mac/org.eclipse.equinox.launcher/org.eclipse.equinox.launcher.cocoa.macosx.aarch64_1.2.1400.v20250801-0854/eclipse_11916.so
Event: 2.923 Loading shared library /opt/homebrew/Cellar/openjdk/25.0.1/libexec/openjdk.jdk/Contents/Home/lib/libunixfile_1_0_0.dylib failed, dlopen(/opt/homebrew/Cellar/openjdk/25.0.1/libexec/openjdk.jdk/Contents/Home/lib/libunixfile_1_0_0.dylib, 0x0001): tried: '/op
Event: 2.923 Loading shared library /opt/homebrew/Cellar/openjdk/25.0.1/libexec/openjdk.jdk/Contents/Home/lib/libunixfile_1_0_0.jnilib failed, dlopen(/opt/homebrew/Cellar/openjdk/25.0.1/libexec/openjdk.jdk/Contents/Home/lib/libunixfile_1_0_0.jnilib, 0x0001): tried: '/
Event: 2.923 Loading shared library /Users/fengjui/Library/Java/Extensions/libunixfile_1_0_0.dylib failed, dlopen(/Users/fengjui/Library/Java/Extensions/libunixfile_1_0_0.dylib, 0x0001): tried: '/Users/fengjui/Library/Java/Extensions/libunixfile_1_0_0.dylib' (no such 
Event: 2.924 Loading shared library /Users/fengjui/Library/Java/Extensions/libunixfile_1_0_0.jnilib failed, dlopen(/Users/fengjui/Library/Java/Extensions/libunixfile_1_0_0.jnilib, 0x0001): tried: '/Users/fengjui/Library/Java/Extensions/libunixfile_1_0_0.jnilib' (no su
Event: 2.924 Loading shared library /Library/Java/Extensions/libunixfile_1_0_0.dylib failed, dlopen(/Library/Java/Extensions/libunixfile_1_0_0.dylib, 0x0001): tried: '/Library/Java/Extensions/libunixfile_1_0_0.dylib' (no such file), '/System/Volumes/Preboot/Cryptexes/
Event: 2.924 Loading shared library /Library/Java/Extensions/libunixfile_1_0_0.jnilib failed, dlopen(/Library/Java/Extensions/libunixfile_1_0_0.jnilib, 0x0001): tried: '/Library/Java/Extensions/libunixfile_1_0_0.jnilib' (no such file), '/System/Volumes/Preboot/Cryptex
Event: 2.924 Loading shared library /Network/Library/Java/Extensions/libunixfile_1_0_0.dylib failed, dlopen(/Network/Library/Java/Extensions/libunixfile_1_0_0.dylib, 0x0001): tried: '/Network/Library/Java/Extensions/libunixfile_1_0_0.dylib' (no such file), '/System/Vo
Event: 2.924 Loading shared library /Network/Library/Java/Extensions/libunixfile_1_0_0.jnilib failed, dlopen(/Network/Library/Java/Extensions/libunixfile_1_0_0.jnilib, 0x0001): tried: '/Network/Library/Java/Extensions/libunixfile_1_0_0.jnilib' (no such file), '/System
Event: 2.925 Loading shared library /System/Library/Java/Extensions/libunixfile_1_0_0.dylib failed, dlopen(/System/Library/Java/Extensions/libunixfile_1_0_0.dylib, 0x0001): tried: '/System/Library/Java/Extensions/libunixfile_1_0_0.dylib' (no such file), '/System/Volum
Event: 2.925 Loading shared library /System/Library/Java/Extensions/libunixfile_1_0_0.jnilib failed, dlopen(/System/Library/Java/Extensions/libunixfile_1_0_0.jnilib, 0x0001): tried: '/System/Library/Java/Extensions/libunixfile_1_0_0.jnilib' (no such file), '/System/Vo
Event: 2.925 Loading shared library /usr/lib/java/libunixfile_1_0_0.dylib failed, dlopen(/usr/lib/java/libunixfile_1_0_0.dylib, 0x0001): tried: '/usr/lib/java/libunixfile_1_0_0.dylib' (no such file), '/System/Volumes/Preboot/Cryptexes/OS/usr/lib/java/libunixfile_1_0_0
Event: 2.925 Loading shared library /usr/lib/java/libunixfile_1_0_0.jnilib failed, dlopen(/usr/lib/java/libunixfile_1_0_0.jnilib, 0x0001): tried: '/usr/lib/java/libunixfile_1_0_0.jnilib' (no such file), '/System/Volumes/Preboot/Cryptexes/OS/usr/lib/java/libunixfile_1_
Event: 2.925 Loading shared library /Users/fengjui/DS_Project/libunixfile_1_0_0.dylib failed, dlopen(/Users/fengjui/DS_Project/libunixfile_1_0_0.dylib, 0x0001): tried: '/Users/fengjui/DS_Project/libunixfile_1_0_0.dylib' (no such file), '/System/Volumes/Preboot/Cryptex
Event: 2.925 Loading shared library /Users/fengjui/DS_Project/libunixfile_1_0_0.jnilib failed, dlopen(/Users/fengjui/DS_Project/libunixfile_1_0_0.jnilib, 0x0001): tried: '/Users/fengjui/DS_Project/libunixfile_1_0_0.jnilib' (no such file), '/System/Volumes/Preboot/Cryp
Event: 5.620 Loaded shared library /opt/homebrew/Cellar/openjdk/25.0.1/libexec/openjdk.jdk/Contents/Home/lib/libextnet.dylib

Deoptimization events (20 events):
Event: 50369.950 Thread 0x000000013466a000 Uncommon trap: trap_request=0xffffff45 fr.pc=0x0000000142962d50 relative=0x0000000000000690
Event: 50369.950 Thread 0x000000013466a000 Uncommon trap: reason=unstable_if action=reinterpret pc=0x0000000142962d50 method=java.util.concurrent.locks.AbstractQueuedSynchronizer.acquire(Ljava/util/concurrent/locks/AbstractQueuedSynchronizer$Node;IZZZJ)I @ 103 c2
Event: 50369.950 Thread 0x000000013466a000 DEOPT PACKING pc=0x0000000142962d50 sp=0x00000001701da430
Event: 50369.950 Thread 0x000000013466a000 DEOPT UNPACKING pc=0x00000001415aae1c sp=0x00000001701da3c0 mode 2
Event: 50370.116 Thread 0x0000000137808e00 Uncommon trap: trap_request=0xffffff45 fr.pc=0x00000001427f17d8 relative=0x0000000000000098
Event: 50370.116 Thread 0x0000000137808e00 Uncommon trap: reason=unstable_if action=reinterpret pc=0x00000001427f17d8 method=java.lang.invoke.LambdaForm$BasicType.basicType(C)Ljava/lang/invoke/LambdaForm$BasicType; @ 1 c2
Event: 50370.116 Thread 0x0000000137808e00 DEOPT PACKING pc=0x00000001427f17d8 sp=0x000000016d8c55b0
Event: 50370.116 Thread 0x0000000137808e00 DEOPT UNPACKING pc=0x00000001415aae1c sp=0x000000016d8c5540 mode 2
Event: 50370.116 Thread 0x0000000137808e00 Uncommon trap: trap_request=0xffffff45 fr.pc=0x00000001427f0df0 relative=0x00000000000007f0
Event: 50370.116 Thread 0x0000000137808e00 Uncommon trap: reason=unstable_if action=reinterpret pc=0x00000001427f0df0 method=java.lang.invoke.LambdaForm$BasicType.basicType(C)Ljava/lang/invoke/LambdaForm$BasicType; @ 1 c2
Event: 50370.116 Thread 0x0000000137808e00 DEOPT PACKING pc=0x00000001427f0df0 sp=0x000000016d8c5520
Event: 50370.116 Thread 0x0000000137808e00 DEOPT UNPACKING pc=0x00000001415aae1c sp=0x000000016d8c52c0 mode 2
Event: 50370.119 Thread 0x0000000137808e00 Uncommon trap: trap_request=0xffffff45 fr.pc=0x000000014306b2b4 relative=0x0000000000000674
Event: 50370.119 Thread 0x0000000137808e00 Uncommon trap: reason=unstable_if action=reinterpret pc=0x000000014306b2b4 method=java.lang.invoke.LambdaForm$BasicType.basicType(C)Ljava/lang/invoke/LambdaForm$BasicType; @ 1 c2
Event: 50370.119 Thread 0x0000000137808e00 DEOPT PACKING pc=0x000000014306b2b4 sp=0x000000016d8c4ee0
Event: 50370.119 Thread 0x0000000137808e00 DEOPT UNPACKING pc=0x00000001415aae1c sp=0x000000016d8c4da0 mode 2
Event: 50370.151 Thread 0x0000000137808e00 Uncommon trap: trap_request=0xffffff45 fr.pc=0x0000000141b74fe8 relative=0x0000000000000428
Event: 50370.151 Thread 0x0000000137808e00 Uncommon trap: reason=unstable_if action=reinterpret pc=0x0000000141b74fe8 method=java.lang.invoke.MethodType.insertParameterTypes(I[Ljava/lang/Class;)Ljava/lang/invoke/MethodType; @ 48 c2
Event: 50370.151 Thread 0x0000000137808e00 DEOPT PACKING pc=0x0000000141b74fe8 sp=0x000000016d8c56a0
Event: 50370.151 Thread 0x0000000137808e00 DEOPT UNPACKING pc=0x00000001415aae1c sp=0x000000016d8c5620 mode 2

Classes loaded (20 events):
Event: 50368.700 Loading class java/util/concurrent/Executors$DelegatedExecutorService done
Event: 50368.700 Loading class java/util/concurrent/Executors$DelegatedScheduledExecutorService done
Event: 50369.049 Loading class java/util/concurrent/ConcurrentHashMap$EntrySpliterator
Event: 50369.052 Loading class java/util/concurrent/ConcurrentHashMap$EntrySpliterator done
Event: 50369.112 Loading class java/util/zip/Deflater
Event: 50369.114 Loading class java/util/zip/Deflater done
Event: 50369.115 Loading class java/util/zip/Deflater$DeflaterZStreamRef
Event: 50369.115 Loading class java/util/zip/Deflater$DeflaterZStreamRef done
Event: 50369.927 Loading class javax/security/auth/login/Configuration
Event: 50369.927 Loading class javax/security/auth/login/Configuration done
Event: 50369.932 Loading class java/io/File$TempDirectory
Event: 50369.932 Loading class java/io/File$TempDirectory done
Event: 50370.101 Loading class java/lang/invoke/GenerateJLIClassesHelper
Event: 50370.101 Loading class java/lang/invoke/GenerateJLIClassesHelper done
Event: 50370.101 Loading class java/lang/invoke/GenerateJLIClassesHelper$HolderClassBuilder
Event: 50370.101 Loading class java/lang/invoke/GenerateJLIClassesHelper$HolderClassBuilder done
Event: 50370.133 Loading class java/lang/invoke/BoundMethodHandle$Species_J
Event: 50370.133 Loading class java/lang/invoke/BoundMethodHandle$Species_J done
Event: 50370.149 Loading class java/lang/invoke/BoundMethodHandle$Species_F
Event: 50370.149 Loading class java/lang/invoke/BoundMethodHandle$Species_F done

Classes unloaded (20 events):
Event: 31917.104 Thread 0x0000000139017800 Unloading class 0x00000003018a6000 'java/lang/invoke/LambdaForm$MH+0x00000003018a6000'
Event: 31917.105 Thread 0x0000000139017800 Unloading class 0x00000003018a5400 'java/lang/invoke/LambdaForm$MH+0x00000003018a5400'
Event: 31917.105 Thread 0x0000000139017800 Unloading class 0x00000003018a0800 'java/lang/invoke/LambdaForm$MH+0x00000003018a0800'
Event: 31917.105 Thread 0x0000000139017800 Unloading class 0x0000000301041800 'java/lang/invoke/LambdaForm$MH+0x0000000301041800'
Event: 31917.106 Thread 0x0000000139017800 Unloading class 0x0000000301800c00 'java/lang/invoke/LambdaForm$MH+0x0000000301800c00'
Event: 31917.106 Thread 0x0000000139017800 Unloading class 0x0000000301789400 'java/lang/invoke/LambdaForm$MH+0x0000000301789400'
Event: 46869.252 Thread 0x0000000139017800 Unloading class 0x000000030194bc00 'java/lang/invoke/LambdaForm$MH+0x000000030194bc00'
Event: 46869.253 Thread 0x0000000139017800 Unloading class 0x0000000301944c00 'java/lang/invoke/LambdaForm$BMH+0x0000000301944c00'
Event: 46869.254 Thread 0x0000000139017800 Unloading class 0x0000000301941c00 'java/lang/invoke/LambdaForm$BMH+0x0000000301941c00'
Event: 46869.255 Thread 0x0000000139017800 Unloading class 0x0000000301941000 'java/lang/invoke/LambdaForm$BMH+0x0000000301941000'
Event: 46869.255 Thread 0x0000000139017800 Unloading class 0x00000003018abc00 'java/lang/invoke/LambdaForm$MH+0x00000003018abc00'
Event: 46869.255 Thread 0x0000000139017800 Unloading class 0x00000003018ab000 'java/lang/invoke/LambdaForm$MH+0x00000003018ab000'
Event: 46869.256 Thread 0x0000000139017800 Unloading class 0x00000003018aa800 'java/lang/invoke/LambdaForm$MH+0x00000003018aa800'
Event: 46869.257 Thread 0x0000000139017800 Unloading class 0x0000000301789400 'java/lang/invoke/LambdaForm$DMH+0x0000000301789400'
Event: 46869.257 Thread 0x0000000139017800 Unloading class 0x0000000301800c00 'java/lang/invoke/LambdaForm$DMH+0x0000000301800c00'
Event: 46869.257 Thread 0x0000000139017800 Unloading class 0x0000000301041800 'java/lang/invoke/LambdaForm$DMH+0x0000000301041800'
Event: 46869.257 Thread 0x0000000139017800 Unloading class 0x00000003018a0800 'java/lang/invoke/LambdaForm$DMH+0x00000003018a0800'
Event: 46869.258 Thread 0x0000000139017800 Unloading class 0x00000003018a5400 'java/lang/invoke/LambdaForm$DMH+0x00000003018a5400'
Event: 46869.258 Thread 0x0000000139017800 Unloading class 0x00000003018a6000 'java/lang/invoke/LambdaForm$DMH+0x00000003018a6000'
Event: 46869.259 Thread 0x0000000139017800 Unloading class 0x00000003018a6800 'java/lang/invoke/LambdaForm$BMH+0x00000003018a6800'

Classes redefined (0 events):
No events

Internal exceptions (20 events):
Event: 50370.153 Thread 0x0000000137808e00 Exception <a 'java/lang/NoSuchMethodError'{0x00000007d63c9998}: 'int java.lang.invoke.Invokers$Holder.invoke_MT(java.lang.Object, java.lang.Object)'> (0x00000007d63c9998) 
thrown [src/hotspot/share/interpreter/linkResolver.cpp, line 804]
Event: 50370.153 Thread 0x0000000137808e00 Exception <a 'java/lang/NoSuchMethodError'{0x00000007d63d1db8}: 'long java.lang.invoke.Invokers$Holder.invoke_MT(java.lang.Object, java.lang.Object)'> (0x00000007d63d1db8) 
thrown [src/hotspot/share/interpreter/linkResolver.cpp, line 804]
Event: 50370.154 Thread 0x0000000137808e00 Exception <a 'java/lang/NoSuchMethodError'{0x00000007d63debc0}: 'java.lang.Object java.lang.invoke.Invokers$Holder.linkToCallSite(int, int, int, java.lang.Object)'> (0x00000007d63debc0) 
thrown [src/hotspot/share/interpreter/linkResolver.cpp, line 804]
Event: 50370.154 Thread 0x0000000137808e00 Exception <a 'java/lang/NoSuchMethodError'{0x00000007d63e6e58}: 'java.lang.Object java.lang.invoke.Invokers$Holder.linkToCallSite(int, int, int, int, java.lang.Object)'> (0x00000007d63e6e58) 
thrown [src/hotspot/share/interpreter/linkResolver.cpp, line 804]
Event: 50370.154 Thread 0x0000000137808e00 Exception <a 'java/lang/NoSuchMethodError'{0x00000007d63ef928}: 'java.lang.Object java.lang.invoke.Invokers$Holder.linkToCallSite(int, long, java.lang.Object)'> (0x00000007d63ef928) 
thrown [src/hotspot/share/interpreter/linkResolver.cpp, line 804]
Event: 50370.154 Thread 0x0000000137808e00 Exception <a 'java/lang/NoSuchMethodError'{0x00000007d63f7ad0}: 'java.lang.Object java.lang.invoke.Invokers$Holder.linkToCallSite(int, java.lang.Object, java.lang.Object, java.lang.Object)'> (0x00000007d63f7ad0) 
thrown [src/hotspot/share/interpreter/linkResolver.cpp, line 804]
Event: 50370.154 Thread 0x0000000137808e00 Exception <a 'java/lang/NoSuchMethodError'{0x00000007d63fbe50}: 'java.lang.Object java.lang.invoke.Invokers$Holder.linkToCallSite(int, java.lang.Object, java.lang.Object, java.lang.Object, java.lang.Object)'> (0x00000007d63fbe50) 
thrown [src/hotspot/share/interpreter/linkResolver.cpp, line 804]
Event: 50370.154 Thread 0x0000000137808e00 Exception <a 'java/lang/NoSuchMethodError'{0x00000007d640dc28}: 'java.lang.Object java.lang.invoke.Invokers$Holder.linkToCallSite(java.lang.Object, java.lang.Object, java.lang.Object, int, java.lang.Object, java.lang.Object, java.lang.Object)'> (0x00000007d640dc28) 
thrown [src/hotspot/share/interpreter/linkResolver.cpp, line 804]
Event: 50370.154 Thread 0x0000000137808e00 Exception <a 'java/lang/NoSuchMethodError'{0x00000007d64161a8}: 'java.lang.Object java.lang.invoke.Invokers$Holder.linkToCallSite(java.lang.Object, java.lang.Object, java.lang.Object, int, java.lang.Object, java.lang.Object)'> (0x00000007d64161a8) 
thrown [src/hotspot/share/interpreter/linkResolver.cpp, line 804]
Event: 50370.155 Thread 0x0000000137808e00 Exception <a 'java/lang/NoSuchMethodError'{0x00000007d64227b8}: 'java.lang.Object java.lang.invoke.Invokers$Holder.linkToCallSite(java.lang.Object, java.lang.Object, java.lang.Object, java.lang.Object, java.lang.Object, java.lang.Object, java.lang.Object, java.lang.Object, java.lang.Object, int, java.lang.Object, java.lang.Object, java.lang.Object, java.lang.Object)'> (0x00000007d64227b8) 
thrown [src/hotspot/share/interpreter/linkResolver.cpp, line 804]
Event: 50370.155 Thread 0x0000000137808e00 Exception <a 'java/lang/NoSuchMethodError'{0x00000007d642e5b0}: 'java.lang.Object java.lang.invoke.Invokers$Holder.linkToCallSite(java.lang.Object, int, int, java.lang.Object, java.lang.Object)'> (0x00000007d642e5b0) 
thrown [src/hotspot/share/interpreter/linkResolver.cpp, line 804]
Event: 50370.155 Thread 0x0000000137808e00 Exception <a 'java/lang/NoSuchMethodError'{0x00000007d64368e8}: 'java.lang.Object java.lang.invoke.Invokers$Holder.linkToCallSite(java.lang.Object, int, java.lang.Object, java.lang.Object, java.lang.Object)'> (0x00000007d64368e8) 
thrown [src/hotspot/share/interpreter/linkResolver.cpp, line 804]
Event: 50370.155 Thread 0x0000000137808e00 Exception <a 'java/lang/NoSuchMethodError'{0x00000007d643ed70}: 'java.lang.Object java.lang.invoke.Invokers$Holder.linkToCallSite(java.lang.Object, int, java.lang.Object, java.lang.Object, java.lang.Object, java.lang.Object, java.lang.Object)'> (0x00000007d643ed70) 
thrown [src/hotspot/share/interpreter/linkResolver.cpp, line 804]
Event: 50370.155 Thread 0x0000000137808e00 Exception <a 'java/lang/NoSuchMethodError'{0x00000007d64472e0}: 'java.lang.Object java.lang.invoke.Invokers$Holder.linkToCallSite(java.lang.Object, int, java.lang.Object, int, java.lang.Object, java.lang.Object)'> (0x00000007d64472e0) 
thrown [src/hotspot/share/interpreter/linkResolver.cpp, line 804]
Event: 50370.155 Thread 0x0000000137808e00 Exception <a 'java/lang/NoSuchMethodError'{0x00000007d644b658}: 'java.lang.Object java.lang.invoke.Invokers$Holder.linkToCallSite(java.lang.Object, int, java.lang.Object, java.lang.Object)'> (0x00000007d644b658) 
thrown [src/hotspot/share/interpreter/linkResolver.cpp, line 804]
Event: 50370.155 Thread 0x0000000137808e00 Exception <a 'java/lang/NoSuchMethodError'{0x00000007d6458ea0}: 'java.lang.Object java.lang.invoke.Invokers$Holder.linkToCallSite(java.lang.Object, long, java.lang.Object, java.lang.Object)'> (0x00000007d6458ea0) 
thrown [src/hotspot/share/interpreter/linkResolver.cpp, line 804]
Event: 50370.155 Thread 0x0000000137808e00 Exception <a 'java/lang/NoSuchMethodError'{0x00000007d6461168}: 'java.lang.Object java.lang.invoke.Invokers$Holder.linkToCallSite(java.lang.Object, long, java.lang.Object)'> (0x00000007d6461168) 
thrown [src/hotspot/share/interpreter/linkResolver.cpp, line 804]
Event: 50370.155 Thread 0x0000000137808e00 Exception <a 'java/lang/NoSuchMethodError'{0x00000007d6469928}: 'java.lang.Object java.lang.invoke.Invokers$Holder.linkToCallSite(java.lang.Object, java.lang.Object, int, java.lang.Object, java.lang.Object)'> (0x00000007d6469928) 
thrown [src/hotspot/share/interpreter/linkResolver.cpp, line 804]
Event: 50370.155 Thread 0x0000000137808e00 Exception <a 'java/lang/NoSuchMethodError'{0x00000007d6471c90}: 'java.lang.Object java.lang.invoke.Invokers$Holder.linkToCallSite(java.lang.Object, java.lang.Object, int, java.lang.Object)'> (0x00000007d6471c90) 
thrown [src/hotspot/share/interpreter/linkResolver.cpp, line 804]
Event: 50370.155 Thread 0x0000000137808e00 Exception <a 'java/lang/NoSuchMethodError'{0x00000007d647a370}: 'java.lang.Object java.lang.invoke.Invokers$Holder.linkToCallSite(java.lang.Object, java.lang.Object, long, java.lang.Object)'> (0x00000007d647a370) 
thrown [src/hotspot/share/interpreter/linkResolver.cpp, line 804]

VM Operations (20 events):
Event: 50369.378 Executing safepoint VM operation: ParallelCollectForAllocation (Allocation Failure) done
Event: 50369.936 Executing non-safepoint VM operation: HandshakeAllThreads (Deoptimize)
Event: 50369.937 Executing non-safepoint VM operation: HandshakeAllThreads (Deoptimize) done
Event: 50370.055 Executing non-safepoint VM operation: HandshakeAllThreads (Deoptimize)
Event: 50370.055 Executing non-safepoint VM operation: HandshakeAllThreads (Deoptimize) done
Event: 50370.057 Executing non-safepoint VM operation: HandshakeAllThreads (Deoptimize)
Event: 50370.057 Executing non-safepoint VM operation: HandshakeAllThreads (Deoptimize) done
Event: 50370.058 Executing non-safepoint VM operation: HandshakeAllThreads (Deoptimize)
Event: 50370.058 Executing non-safepoint VM operation: HandshakeAllThreads (Deoptimize) done
Event: 50370.059 Executing non-safepoint VM operation: HandshakeAllThreads (Deoptimize)
Event: 50370.059 Executing non-safepoint VM operation: HandshakeAllThreads (Deoptimize) done
Event: 50370.059 Executing non-safepoint VM operation: HandshakeAllThreads (Deoptimize)
Event: 50370.059 Executing non-safepoint VM operation: HandshakeAllThreads (Deoptimize) done
Event: 50370.070 Executing non-safepoint VM operation: HandshakeAllThreads (Deoptimize)
Event: 50370.070 Executing non-safepoint VM operation: HandshakeAllThreads (Deoptimize) done
Event: 50370.076 Executing non-safepoint VM operation: HandshakeAllThreads (Deoptimize)
Event: 50370.076 Executing non-safepoint VM operation: HandshakeAllThreads (Deoptimize) done
Event: 50370.122 Executing safepoint VM operation: ParallelCollectForAllocation (Allocation Failure)
Event: 50370.127 Executing safepoint VM operation: ParallelCollectForAllocation (Allocation Failure) done
Event: 50370.160 Executing safepoint VM operation: PopulateDumpSharedSpace

Memory protections (20 events):
Event: 50369.173 Protecting memory [0x00000001703f0000,0x00000001703fc000] with protection modes 0
Event: 50369.185 Protecting memory [0x00000001703f0000,0x00000001703fc000] with protection modes 3
Event: 50369.185 Protecting memory [0x000000016ffd8000,0x000000016ffe4000] with protection modes 3
Event: 50369.185 Protecting memory [0x00000001701e4000,0x00000001701f0000] with protection modes 3
Event: 50369.228 Protecting memory [0x000000016ffd8000,0x000000016ffe4000] with protection modes 0
Event: 50369.918 Protecting memory [0x00000003436e8000,0x00000003436f4000] with protection modes 3
Event: 50369.940 Protecting memory [0x00000001701e4000,0x00000001701f0000] with protection modes 0
Event: 50369.941 Protecting memory [0x0000000342aa0000,0x0000000342aac000] with protection modes 3
Event: 50369.942 Protecting memory [0x0000000170808000,0x0000000170814000] with protection modes 3
Event: 50369.942 Protecting memory [0x000000016fdcc000,0x000000016fdd8000] with protection modes 3
Event: 50369.942 Protecting memory [0x0000000170e2c000,0x0000000170e38000] with protection modes 3
Event: 50369.943 Protecting memory [0x0000000342894000,0x00000003428a0000] with protection modes 3
Event: 50369.949 Protecting memory [0x0000000341e58000,0x0000000341e64000] with protection modes 3
Event: 50369.950 Protecting memory [0x0000000341628000,0x0000000341634000] with protection modes 3
Event: 50369.950 Protecting memory [0x0000000341834000,0x0000000341840000] with protection modes 3
Event: 50369.950 Protecting memory [0x0000000342064000,0x0000000342070000] with protection modes 3
Event: 50369.950 Protecting memory [0x0000000341a40000,0x0000000341a4c000] with protection modes 3
Event: 50369.955 Protecting memory [0x000000016ffd8000,0x000000016ffe4000] with protection modes 3
Event: 50369.955 Protecting memory [0x000000016fdcc000,0x000000016fdd8000] with protection modes 0
Event: 50369.955 Protecting memory [0x000000016fdcc000,0x000000016fdd8000] with protection modes 3

Nmethod flushes (20 events):
Event: 46871.122 Thread 0x0000000139017800 flushing  nmethod 0x000000013d5d6b08
Event: 46871.122 Thread 0x0000000139017800 flushing  nmethod 0x000000013d5e0788
Event: 46871.122 Thread 0x0000000139017800 flushing  nmethod 0x000000013d5e2048
Event: 46871.122 Thread 0x0000000139017800 flushing  nmethod 0x000000013d5e5b88
Event: 46871.122 Thread 0x0000000139017800 flushing  nmethod 0x000000013d5f2508
Event: 46871.122 Thread 0x0000000139017800 flushing  nmethod 0x000000013d5f6f88
Event: 46871.122 Thread 0x0000000139017800 flushing  nmethod 0x000000013d606b08
Event: 46871.122 Thread 0x0000000139017800 flushing  nmethod 0x000000013d607048
Event: 46871.123 Thread 0x0000000139017800 flushing  nmethod 0x000000013d6152c8
Event: 46871.123 Thread 0x0000000139017800 flushing  nmethod 0x000000013d61cec8
Event: 46871.123 Thread 0x0000000139017800 flushing  nmethod 0x000000013d61f048
Event: 46871.123 Thread 0x0000000139017800 flushing  nmethod 0x000000013d631dc8
Event: 46871.123 Thread 0x0000000139017800 flushing  nmethod 0x000000013d639a88
Event: 46871.123 Thread 0x0000000139017800 flushing  nmethod 0x000000013d65e2c8
Event: 46871.123 Thread 0x0000000139017800 flushing  nmethod 0x000000013d661688
Event: 46871.123 Thread 0x0000000139017800 flushing  nmethod 0x000000013d68ef48
Event: 46871.123 Thread 0x0000000139017800 flushing  nmethod 0x000000013d696048
Event: 46871.123 Thread 0x0000000139017800 flushing  nmethod 0x000000013d697c48
Event: 46871.123 Thread 0x0000000139017800 flushing  nmethod 0x000000013d6a2408
Event: 46871.124 Thread 0x0000000139017800 flushing  nmethod 0x000000013d6d7e88

Events (20 events):
Event: 50369.185 Thread 0x0000000138e7b600 Thread exited: 0x0000000138e7b600
Event: 50369.185 Thread 0x0000000138fe3c00 Thread exited: 0x0000000138fe3c00
Event: 50369.185 Thread 0x0000000127b76000 Thread exited: 0x0000000127b76000
Event: 50369.228 Thread 0x0000000137808e00 Thread added: 0x000000013466a000
Event: 50369.918 Thread 0x000000013799c600 Thread exited: 0x000000013799c600
Event: 50369.940 Thread 0x0000000139020800 Thread added: 0x000000013467d200
Event: 50369.941 Thread 0x000000011786ce00 Thread exited: 0x000000011786ce00
Event: 50369.942 Thread 0x0000000127ece600 Thread exited: 0x0000000127ece600
Event: 50369.942 Thread 0x0000000127c38a00 Thread exited: 0x0000000127c38a00
Event: 50369.942 Thread 0x00000001078cba00 Thread exited: 0x00000001078cba00
Event: 50369.943 Thread 0x00000001379ba600 Thread exited: 0x00000001379ba600
Event: 50369.949 Thread 0x0000000117875000 Thread exited: 0x0000000117875000
Event: 50369.950 Thread 0x0000000139b8f000 Thread exited: 0x0000000139b8f000
Event: 50369.950 Thread 0x0000000120066600 Thread exited: 0x0000000120066600
Event: 50369.950 Thread 0x0000000139b8d800 Thread exited: 0x0000000139b8d800
Event: 50369.950 Thread 0x0000000137870e00 Thread exited: 0x0000000137870e00
Event: 50369.955 Thread 0x000000013466a000 Thread exited: 0x000000013466a000
Event: 50369.955 Thread 0x0000000137808e00 Thread added: 0x0000000138e05200
Event: 50369.955 Thread 0x0000000138e05200 Thread exited: 0x0000000138e05200
Event: 50369.955 Thread 0x0000000137808e00 Before exit entered


Dynamic libraries:
0x0000000102800000 	/opt/homebrew/Cellar/openjdk/25.0.1/libexec/openjdk.jdk/Contents/Home/lib/libjli.dylib
0x00000001a8a60000 	/usr/lib/libz.1.dylib
0x00000001a8b1d000 	/usr/lib/libSystem.B.dylib
0x00000001a8b17000 	/usr/lib/system/libcache.dylib
0x00000001a8ad0000 	/usr/lib/system/libcommonCrypto.dylib
0x00000001a8afd000 	/usr/lib/system/libcompiler_rt.dylib
0x00000001a8af2000 	/usr/lib/system/libcopyfile.dylib
0x000000019adc4000 	/usr/lib/system/libcorecrypto.dylib
0x000000019aea8000 	/usr/lib/system/libdispatch.dylib
0x000000019b065000 	/usr/lib/system/libdyld.dylib
0x00000001a8b0d000 	/usr/lib/system/libkeymgr.dylib
0x00000001a8aae000 	/usr/lib/system/libmacho.dylib
0x00000001a7f02000 	/usr/lib/system/libquarantine.dylib
0x00000001a8b0a000 	/usr/lib/system/libremovefile.dylib
0x00000001a0bb7000 	/usr/lib/system/libsystem_asl.dylib
0x000000019ad59000 	/usr/lib/system/libsystem_blocks.dylib
0x000000019aef2000 	/usr/lib/system/libsystem_c.dylib
0x00000001a8b01000 	/usr/lib/system/libsystem_collections.dylib
0x00000001a6ff7000 	/usr/lib/system/libsystem_configuration.dylib
0x00000001a5dbe000 	/usr/lib/system/libsystem_containermanager.dylib
0x00000001a8607000 	/usr/lib/system/libsystem_coreservices.dylib
0x000000019e763000 	/usr/lib/system/libsystem_darwin.dylib
0x0000000275ea4000 	/usr/lib/system/libsystem_darwindirectory.dylib
0x00000001a8b0e000 	/usr/lib/system/libsystem_dnssd.dylib
0x0000000275ea8000 	/usr/lib/system/libsystem_eligibility.dylib
0x000000019aeef000 	/usr/lib/system/libsystem_featureflags.dylib
0x000000019b098000 	/usr/lib/system/libsystem_info.dylib
0x00000001a8a6f000 	/usr/lib/system/libsystem_m.dylib
0x000000019ae67000 	/usr/lib/system/libsystem_malloc.dylib
0x00000001a0b21000 	/usr/lib/system/libsystem_networkextension.dylib
0x000000019ebc6000 	/usr/lib/system/libsystem_notify.dylib
0x00000001a6ffc000 	/usr/lib/system/libsystem_sandbox.dylib
0x0000000275eaf000 	/usr/lib/system/libsystem_sanitizers.dylib
0x00000001a8b06000 	/usr/lib/system/libsystem_secinit.dylib
0x000000019b01d000 	/usr/lib/system/libsystem_kernel.dylib
0x000000019b090000 	/usr/lib/system/libsystem_platform.dylib
0x000000019b058000 	/usr/lib/system/libsystem_pthread.dylib
0x00000001a26a2000 	/usr/lib/system/libsystem_symptoms.dylib
0x000000019ada8000 	/usr/lib/system/libsystem_trace.dylib
0x00000001a8ade000 	/usr/lib/system/libunwind.dylib
0x000000019ad5d000 	/usr/lib/system/libxpc.dylib
0x000000019ac84000 	/usr/lib/libobjc.A.dylib
0x000000019b0c8000 	/System/Library/Frameworks/CoreFoundation.framework/Versions/A/CoreFoundation
0x00000001abcba000 	/usr/lib/swift/libswiftCore.dylib
0x000000019b002000 	/usr/lib/libc++abi.dylib
0x00000001a8aea000 	/usr/lib/liboah.dylib
0x000000019af74000 	/usr/lib/libc++.1.dylib
0x000000019c2a8000 	/System/Library/Frameworks/Foundation.framework/Versions/C/Foundation
0x00000001b4743000 	/usr/lib/swift/libswiftObjectiveC.dylib
0x000000019ea64000 	/System/Library/PrivateFrameworks/CoreServicesInternal.framework/Versions/A/CoreServicesInternal
0x00000001a8b1f000 	/usr/lib/libfakelink.dylib
0x000000019e49f000 	/usr/lib/libicucore.A.dylib
0x00000001a8b22000 	/System/Library/PrivateFrameworks/SoftLinking.framework/Versions/A/SoftLinking
0x00000001b017a000 	/System/Library/Frameworks/CoreServices.framework/Versions/A/CoreServices
0x000000019e0b4000 	/System/Library/Frameworks/Security.framework/Versions/A/Security
0x000000019eae5000 	/System/Library/Frameworks/IOKit.framework/Versions/A/IOKit
0x00000001b3c97000 	/System/Library/PrivateFrameworks/DiskImages.framework/Versions/A/DiskImages
0x00000001bfc46000 	/System/Library/Frameworks/NetFS.framework/Versions/A/NetFS
0x00000001a075a000 	/System/Library/Frameworks/CFNetwork.framework/Versions/A/CFNetwork
0x00000001a4264000 	/System/Library/Frameworks/CoreServices.framework/Versions/A/Frameworks/FSEvents.framework/Versions/A/FSEvents
0x000000019e76e000 	/System/Library/Frameworks/CoreServices.framework/Versions/A/Frameworks/CarbonCore.framework/Versions/A/CarbonCore
0x00000001a3736000 	/System/Library/Frameworks/CoreServices.framework/Versions/A/Frameworks/Metadata.framework/Versions/A/Metadata
0x00000001a860e000 	/System/Library/Frameworks/CoreServices.framework/Versions/A/Frameworks/OSServices.framework/Versions/A/OSServices
0x00000001a8bfd000 	/System/Library/Frameworks/CoreServices.framework/Versions/A/Frameworks/SearchKit.framework/Versions/A/SearchKit
0x00000001a261c000 	/System/Library/Frameworks/CoreServices.framework/Versions/A/Frameworks/AE.framework/Versions/A/AE
0x000000019b5bd000 	/System/Library/Frameworks/CoreServices.framework/Versions/A/Frameworks/LaunchServices.framework/Versions/A/LaunchServices
0x00000001a9f61000 	/System/Library/Frameworks/CoreServices.framework/Versions/A/Frameworks/DictionaryServices.framework/Versions/A/DictionaryServices
0x00000001a4272000 	/System/Library/Frameworks/CoreServices.framework/Versions/A/Frameworks/SharedFileList.framework/Versions/A/SharedFileList
0x000000019bf03000 	/System/Library/Frameworks/SystemConfiguration.framework/Versions/A/SystemConfiguration
0x00000001a8c98000 	/usr/lib/libapple_nghttp2.dylib
0x00000001a8cce000 	/usr/lib/libcompression.dylib
0x00000001a2284000 	/usr/lib/libsqlite3.dylib
0x00000001a36a2000 	/System/Library/PrivateFrameworks/CoreAnalytics.framework/Versions/A/CoreAnalytics
0x00000001a1109000 	/System/Library/Frameworks/CoreGraphics.framework/Versions/A/CoreGraphics
0x00000001ac9c7000 	/System/Library/Frameworks/GSS.framework/Versions/A/GSS
0x00000001ab1ec000 	/System/Library/PrivateFrameworks/InternationalSupport.framework/Versions/A/InternationalSupport
0x00000001a25b5000 	/System/Library/PrivateFrameworks/RunningBoardServices.framework/Versions/A/RunningBoardServices
0x00000001a0b3c000 	/usr/lib/libenergytrace.dylib
0x00000001a26ab000 	/System/Library/Frameworks/Network.framework/Versions/A/Network
0x00000001a36d4000 	/usr/lib/libDiagnosticMessagesClient.dylib
0x00000001a7f29000 	/usr/lib/libbsm.0.dylib
0x00000001a8ab3000 	/usr/lib/system/libkxld.dylib
0x0000000274e71000 	/usr/lib/libCoreEntitlements.dylib
0x0000000254a5b000 	/System/Library/PrivateFrameworks/MessageSecurity.framework/Versions/A/MessageSecurity
0x00000001a226a000 	/System/Library/PrivateFrameworks/ProtocolBuffer.framework/Versions/A/ProtocolBuffer
0x00000001a0b3e000 	/usr/lib/libMobileGestalt.dylib
0x00000001a85ef000 	/System/Library/PrivateFrameworks/AppleFSCompression.framework/Versions/A/AppleFSCompression
0x00000001a7f11000 	/usr/lib/libcoretls.dylib
0x00000001a9fd7000 	/usr/lib/libcoretls_cfhelpers.dylib
0x00000001a8cc8000 	/usr/lib/libpam.2.dylib
0x00000001aa04a000 	/usr/lib/libxar.1.dylib
0x00000001a42a0000 	/System/Library/PrivateFrameworks/CoreAutoLayout.framework/Versions/A/CoreAutoLayout
0x00000001a37bf000 	/System/Library/Frameworks/DiskArbitration.framework/Versions/A/DiskArbitration
0x00000001a8b74000 	/usr/lib/libarchive.2.dylib
0x00000001a42ea000 	/usr/lib/libxml2.2.dylib
0x00000001a700a000 	/usr/lib/liblangid.dylib
0x00000001ae09b000 	/System/Library/Frameworks/Combine.framework/Versions/A/Combine
0x000000023fc27000 	/System/Library/PrivateFrameworks/CollectionsInternal.framework/Versions/A/CollectionsInternal
0x000000025bf73000 	/System/Library/PrivateFrameworks/ReflectionInternal.framework/Versions/A/ReflectionInternal
0x000000025caf3000 	/System/Library/PrivateFrameworks/RuntimeInternal.framework/Versions/A/RuntimeInternal
0x00000001c28b2000 	/usr/lib/swift/libswiftCoreFoundation.dylib
0x00000001c0112000 	/usr/lib/swift/libswiftDarwin.dylib
0x00000001b1b76000 	/usr/lib/swift/libswiftDispatch.dylib
0x00000001c2910000 	/usr/lib/swift/libswiftIOKit.dylib
0x0000000275ab9000 	/usr/lib/swift/libswiftSystem.dylib
0x00000001c28c4000 	/usr/lib/swift/libswiftXPC.dylib
0x0000000275b32000 	/usr/lib/swift/libswift_Builtin_float.dylib
0x0000000275b37000 	/usr/lib/swift/libswift_Concurrency.dylib
0x0000000275c9f000 	/usr/lib/swift/libswift_StringProcessing.dylib
0x0000000275d52000 	/usr/lib/swift/libswift_errno.dylib
0x0000000275d54000 	/usr/lib/swift/libswift_math.dylib
0x0000000275d57000 	/usr/lib/swift/libswift_signal.dylib
0x0000000275d58000 	/usr/lib/swift/libswift_stdio.dylib
0x0000000275d59000 	/usr/lib/swift/libswift_time.dylib
0x00000001b4747000 	/usr/lib/swift/libswiftos.dylib
0x0000000275d5a000 	/usr/lib/swift/libswiftsys_time.dylib
0x0000000275d5b000 	/usr/lib/swift/libswiftunistd.dylib
0x00000001a7005000 	/System/Library/PrivateFrameworks/AppleSystemInfo.framework/Versions/A/AppleSystemInfo
0x00000001c27a4000 	/System/Library/PrivateFrameworks/LoggingSupport.framework/Versions/A/LoggingSupport
0x00000001a4474000 	/System/Library/PrivateFrameworks/UserManagement.framework/Versions/A/UserManagement
0x00000001a068f000 	/usr/lib/libboringssl.dylib
0x00000001a2691000 	/usr/lib/libdns_services.dylib
0x00000001c19c0000 	/usr/lib/libquic.dylib
0x00000001abc4a000 	/usr/lib/libusrtcp.dylib
0x0000000275a04000 	/usr/lib/swift/libswiftDistributed.dylib
0x00000001a0759000 	/usr/lib/libnetwork.dylib
0x00000001a8c72000 	/System/Library/PrivateFrameworks/AppleSauce.framework/Versions/A/AppleSauce
0x0000000275a3c000 	/usr/lib/swift/libswiftObservation.dylib
0x000000019bda0000 	/System/Library/PrivateFrameworks/Lexicon.framework/Versions/A/Lexicon
0x000000024ed74000 	/System/Library/PrivateFrameworks/IO80211.framework/Versions/A/IO80211
0x00000001b1e13000 	/System/Library/PrivateFrameworks/FrontBoardServices.framework/Versions/A/FrontBoardServices
0x00000001a7e39000 	/System/Library/Frameworks/SecurityFoundation.framework/Versions/A/SecurityFoundation
0x00000001a712c000 	/System/Library/PrivateFrameworks/LinguisticData.framework/Versions/A/LinguisticData
0x00000001a7c14000 	/System/Library/PrivateFrameworks/IOMobileFramebuffer.framework/Versions/A/IOMobileFramebuffer
0x00000001a5ded000 	/System/Library/Frameworks/IOSurface.framework/Versions/A/IOSurface
0x00000001a24d0000 	/System/Library/PrivateFrameworks/BaseBoard.framework/Versions/A/BaseBoard
0x00000001b1edf000 	/System/Library/PrivateFrameworks/BoardServices.framework/Versions/A/BoardServices
0x00000001a7e2b000 	/System/Library/PrivateFrameworks/AssertionServices.framework/Versions/A/AssertionServices
0x00000001b3ad3000 	/System/Library/PrivateFrameworks/BackBoardServices.framework/Versions/A/BackBoardServices
0x00000001a6807000 	/System/Library/Frameworks/ImageIO.framework/Versions/A/ImageIO
0x00000001a0bf2000 	/System/Library/PrivateFrameworks/SkyLight.framework/Versions/A/SkyLight
0x00000001a621b000 	/System/Library/PrivateFrameworks/FontServices.framework/libFontParser.dylib
0x00000001b0422000 	/System/Library/Frameworks/Accelerate.framework/Versions/A/Accelerate
0x00000001a0bd0000 	/System/Library/PrivateFrameworks/TCC.framework/Versions/A/TCC
0x00000001b742c000 	/System/Library/PrivateFrameworks/IOSurfaceAccelerator.framework/Versions/A/IOSurfaceAccelerator
0x00000001aaaab000 	/System/Library/PrivateFrameworks/WatchdogClient.framework/Versions/A/WatchdogClient
0x000000019d2a9000 	/System/Library/Frameworks/CoreDisplay.framework/Versions/A/CoreDisplay
0x00000001a60b1000 	/System/Library/Frameworks/CoreMedia.framework/Versions/A/CoreMedia
0x00000001a5e06000 	/System/Library/PrivateFrameworks/IOAccelerator.framework/Versions/A/IOAccelerator
0x00000001a5e10000 	/System/Library/Frameworks/Metal.framework/Versions/A/Metal
0x00000001a43d4000 	/System/Library/Frameworks/CoreVideo.framework/Versions/A/CoreVideo
0x00000001a8cc6000 	/System/Library/Frameworks/MetalPerformanceShaders.framework/Versions/A/MetalPerformanceShaders
0x00000001aaaad000 	/System/Library/PrivateFrameworks/MultitouchSupport.framework/Versions/A/MultitouchSupport
0x00000001a3ba1000 	/System/Library/Frameworks/QuartzCore.framework/Versions/A/QuartzCore
0x000000025b4b8000 	/System/Library/PrivateFrameworks/ProDisplayLibrary.framework/Versions/A/ProDisplayLibrary
0x00000001aaaf2000 	/System/Library/Frameworks/VideoToolbox.framework/Versions/A/VideoToolbox
0x00000001ced02000 	/usr/lib/swift/libswiftMetal.dylib
0x00000001dce4f000 	/usr/lib/swift/libswiftOSLog.dylib
0x00000001d35da000 	/usr/lib/swift/libswiftQuartzCore.dylib
0x00000001d7a85000 	/usr/lib/swift/libswiftUniformTypeIdentifiers.dylib
0x00000001c5f3e000 	/usr/lib/swift/libswiftsimd.dylib
0x00000001a7e12000 	/System/Library/PrivateFrameworks/MobileKeyBag.framework/Versions/A/MobileKeyBag
0x00000001a7003000 	/System/Library/PrivateFrameworks/AggregateDictionary.framework/Versions/A/AggregateDictionary
0x00000001a9fd9000 	/System/Library/PrivateFrameworks/APFS.framework/Versions/A/APFS
0x000000023c611000 	/System/Library/PrivateFrameworks/AppleKeyStore.framework/Versions/A/AppleKeyStore
0x00000001aa059000 	/usr/lib/libutil.dylib
0x00000001a9fb8000 	/usr/lib/liblzma.5.dylib
0x00000001a37c8000 	/System/Library/Frameworks/Accelerate.framework/Versions/A/Frameworks/vImage.framework/Versions/A/vImage
0x00000001b0155000 	/System/Library/Frameworks/Accelerate.framework/Versions/A/Frameworks/vecLib.framework/Versions/A/vecLib
0x00000001aa091000 	/System/Library/Frameworks/Accelerate.framework/Versions/A/Frameworks/vecLib.framework/Versions/A/libvMisc.dylib
0x000000019ba10000 	/System/Library/Frameworks/Accelerate.framework/Versions/A/Frameworks/vecLib.framework/Versions/A/libBLAS.dylib
0x00000001b41e3000 	/System/Library/Frameworks/ApplicationServices.framework/Versions/A/ApplicationServices
0x00000001a1822000 	/System/Library/Frameworks/ColorSync.framework/Versions/A/ColorSync
0x000000019d771000 	/System/Library/Frameworks/CoreText.framework/Versions/A/CoreText
0x00000001ac5a3000 	/System/Library/Frameworks/ApplicationServices.framework/Versions/A/Frameworks/ATS.framework/Versions/A/ATS
0x00000001a19da000 	/System/Library/Frameworks/ApplicationServices.framework/Versions/A/Frameworks/HIServices.framework/Versions/A/HIServices
0x00000001ab0cc000 	/System/Library/Frameworks/ApplicationServices.framework/Versions/A/Frameworks/PrintCore.framework/Versions/A/PrintCore
0x00000001ac98f000 	/System/Library/Frameworks/ApplicationServices.framework/Versions/A/Frameworks/QD.framework/Versions/A/QD
0x00000001ac986000 	/System/Library/Frameworks/ApplicationServices.framework/Versions/A/Frameworks/ColorSyncLegacy.framework/Versions/A/ColorSyncLegacy
0x00000001ac575000 	/System/Library/Frameworks/ApplicationServices.framework/Versions/A/Frameworks/SpeechSynthesis.framework/Versions/A/SpeechSynthesis
0x00000001a7be1000 	/System/Library/PrivateFrameworks/CoreEmoji.framework/Versions/A/CoreEmoji
0x000000024658f000 	/System/Library/PrivateFrameworks/FontServices.framework/Versions/A/FontServices
0x00000001a01dd000 	/System/Library/Frameworks/UniformTypeIdentifiers.framework/Versions/A/UniformTypeIdentifiers
0x00000001aa5ec000 	/System/Library/PrivateFrameworks/OTSVG.framework/Versions/A/OTSVG
0x00000001a3f64000 	/System/Library/Frameworks/ApplicationServices.framework/Versions/A/Frameworks/ATS.framework/Versions/A/Resources/libFontRegistry.dylib
0x00000001aa636000 	/System/Library/PrivateFrameworks/FontServices.framework/libhvf.dylib
0x0000000257776000 	/System/Library/PrivateFrameworks/ParsingInternal.framework/Versions/A/ParsingInternal
0x0000000275a5b000 	/usr/lib/swift/libswiftRegexBuilder.dylib
0x0000000275bf8000 	/usr/lib/swift/libswift_RegexParser.dylib
0x00000001aa971000 	/System/Library/PrivateFrameworks/AppleJPEG.framework/Versions/A/AppleJPEG
0x00000001aa406000 	/usr/lib/libexpat.1.dylib
0x00000001aafa1000 	/System/Library/Frameworks/ImageIO.framework/Versions/A/Resources/libPng.dylib
0x00000001aafcc000 	/System/Library/Frameworks/ImageIO.framework/Versions/A/Resources/libTIFF.dylib
0x00000001ab0b7000 	/System/Library/Frameworks/ImageIO.framework/Versions/A/Resources/libGIF.dylib
0x00000001aa9b7000 	/System/Library/Frameworks/ImageIO.framework/Versions/A/Resources/libJP2.dylib
0x00000001aa10e000 	/usr/lib/libate.dylib
0x00000001ab05d000 	/System/Library/Frameworks/ImageIO.framework/Versions/A/Resources/libJPEG.dylib
0x00000001ab054000 	/System/Library/Frameworks/ImageIO.framework/Versions/A/Resources/libRadiance.dylib
0x000000024b354000 	/System/Library/PrivateFrameworks/GPUCompiler.framework/Versions/32023/Libraries/libllvm-flatbuffers.dylib
0x0000000246655000 	/System/Library/PrivateFrameworks/FramePacing.framework/Versions/A/FramePacing
0x00000001f695f000 	/System/Library/Frameworks/OpenGL.framework/Versions/A/Libraries/libCoreFSCache.dylib
0x00000002471fd000 	/System/Library/PrivateFrameworks/GPUCompiler.framework/Versions/32023/Libraries/libGPUCompilerUtils.dylib
0x0000000246590000 	/System/Library/PrivateFrameworks/FontServices.framework/libXTFontStaticRegistryData.dylib
0x00000001a6b88000 	/System/Library/Frameworks/CoreImage.framework/Versions/A/CoreImage
0x00000001b587f000 	/System/Library/PrivateFrameworks/ASEProcessing.framework/Versions/A/ASEProcessing
0x00000001e04ce000 	/System/Library/PrivateFrameworks/Symbolication.framework/Versions/A/Symbolication
0x000000025a736000 	/System/Library/PrivateFrameworks/PhotosensitivityProcessing.framework/Versions/A/PhotosensitivityProcessing
0x00000001f696d000 	/System/Library/Frameworks/OpenGL.framework/Versions/A/OpenGL
0x00000001aa5e0000 	/System/Library/PrivateFrameworks/GraphVisualizer.framework/Versions/A/GraphVisualizer
0x00000001f69bf000 	/System/Library/Frameworks/OpenGL.framework/Versions/A/Libraries/libGLU.dylib
0x00000001f6981000 	/System/Library/Frameworks/OpenGL.framework/Versions/A/Libraries/libGFXShared.dylib
0x00000001f6b52000 	/System/Library/Frameworks/OpenGL.framework/Versions/A/Libraries/libGL.dylib
0x00000001f698a000 	/System/Library/Frameworks/OpenGL.framework/Versions/A/Libraries/libGLImage.dylib
0x00000001f697e000 	/System/Library/Frameworks/OpenGL.framework/Versions/A/Libraries/libCVMSPluginSupport.dylib
0x0000000275015000 	/usr/lib/libRosetta.dylib
0x00000001f6967000 	/System/Library/Frameworks/OpenGL.framework/Versions/A/Libraries/libCoreVMClient.dylib
0x00000001a6f46000 	/System/Library/Frameworks/MetalPerformanceShaders.framework/Versions/A/Frameworks/MPSCore.framework/Versions/A/MPSCore
0x00000001a855b000 	/System/Library/Frameworks/MetalPerformanceShaders.framework/Versions/A/Frameworks/MPSImage.framework/Versions/A/MPSImage
0x00000001a7faa000 	/System/Library/Frameworks/MetalPerformanceShaders.framework/Versions/A/Frameworks/MPSNeuralNetwork.framework/Versions/A/MPSNeuralNetwork
0x00000001a83e0000 	/System/Library/Frameworks/MetalPerformanceShaders.framework/Versions/A/Frameworks/MPSMatrix.framework/Versions/A/MPSMatrix
0x00000001a81f8000 	/System/Library/Frameworks/MetalPerformanceShaders.framework/Versions/A/Frameworks/MPSRayIntersector.framework/Versions/A/MPSRayIntersector
0x00000001a8412000 	/System/Library/Frameworks/MetalPerformanceShaders.framework/Versions/A/Frameworks/MPSNDArray.framework/Versions/A/MPSNDArray
0x00000001fa49d000 	/System/Library/Frameworks/MetalPerformanceShaders.framework/Versions/A/Frameworks/MPSFunctions.framework/Versions/A/MPSFunctions
0x00000001fa481000 	/System/Library/Frameworks/MetalPerformanceShaders.framework/Versions/A/Frameworks/MPSBenchmarkLoop.framework/Versions/A/MPSBenchmarkLoop
0x000000019b894000 	/System/Library/PrivateFrameworks/MetalTools.framework/Versions/A/MetalTools
0x00000001c7291000 	/System/Library/PrivateFrameworks/IOAccelMemoryInfo.framework/Versions/A/IOAccelMemoryInfo
0x00000001d39d6000 	/System/Library/PrivateFrameworks/kperf.framework/Versions/A/kperf
0x00000001c2889000 	/System/Library/PrivateFrameworks/GPURawCounter.framework/Versions/A/GPURawCounter
0x00000001b232b000 	/System/Library/PrivateFrameworks/CoreSymbolication.framework/Versions/A/CoreSymbolication
0x00000001c2822000 	/System/Library/PrivateFrameworks/MallocStackLogging.framework/Versions/A/MallocStackLogging
0x00000001aa1a8000 	/System/Library/PrivateFrameworks/CrashReporterSupport.framework/Versions/A/CrashReporterSupport
0x00000001b22e5000 	/System/Library/PrivateFrameworks/DebugSymbols.framework/Versions/A/DebugSymbols
0x00000001d2c84000 	/System/Library/PrivateFrameworks/OSAnalytics.framework/Versions/A/OSAnalytics
0x00000001ab088000 	/System/Library/Frameworks/ApplicationServices.framework/Versions/A/Frameworks/ATSUI.framework/Versions/A/ATSUI
0x00000001ac919000 	/usr/lib/libcups.2.dylib
0x00000001ac9b5000 	/System/Library/Frameworks/Kerberos.framework/Versions/A/Kerberos
0x00000001ac622000 	/usr/lib/libresolv.9.dylib
0x00000001a8b59000 	/usr/lib/libiconv.2.dylib
0x00000001aa648000 	/System/Library/PrivateFrameworks/Heimdal.framework/Versions/A/Heimdal
0x00000001b469e000 	/System/Library/Frameworks/Kerberos.framework/Versions/A/Libraries/libHeimdalProxy.dylib
0x00000001aa421000 	/usr/lib/libheimdal-asn1.dylib
0x00000001a4237000 	/System/Library/Frameworks/OpenDirectory.framework/Versions/A/OpenDirectory
0x00000001aca22000 	/System/Library/PrivateFrameworks/CommonAuth.framework/Versions/A/CommonAuth
0x00000001a4245000 	/System/Library/Frameworks/OpenDirectory.framework/Versions/A/Frameworks/CFOpenDirectory.framework/Versions/A/CFOpenDirectory
0x00000001a8aad000 	/usr/lib/libcharset.1.dylib
0x00000001f6ede000 	/System/Library/Frameworks/AVFAudio.framework/Versions/A/AVFAudio
0x00000001bcc22000 	/System/Library/PrivateFrameworks/AXCoreUtilities.framework/Versions/A/AXCoreUtilities
0x00000001ac35c000 	/System/Library/Frameworks/AudioToolbox.framework/Versions/A/AudioToolbox
0x000000019d981000 	/System/Library/Frameworks/CoreAudio.framework/Versions/A/CoreAudio
0x000000025180a000 	/System/Library/PrivateFrameworks/IsolatedCoreAudioClient.framework/Versions/A/IsolatedCoreAudioClient
0x00000001ac55c000 	/usr/lib/libAudioStatistics.dylib
0x00000001a6089000 	/System/Library/PrivateFrameworks/caulk.framework/Versions/A/caulk
0x000000019d3ca000 	/System/Library/PrivateFrameworks/AudioToolboxCore.framework/Versions/A/AudioToolboxCore
0x00000001b68fe000 	/System/Library/Frameworks/CoreMIDI.framework/Versions/A/CoreMIDI
0x00000001ac4ff000 	/System/Library/PrivateFrameworks/AudioSession.framework/Versions/A/AudioSession
0x00000001ade0c000 	/System/Library/Frameworks/IOBluetooth.framework/Versions/A/IOBluetooth
0x00000001aa50a000 	/System/Library/PrivateFrameworks/MediaExperience.framework/Versions/A/MediaExperience
0x0000000268081000 	/System/Library/PrivateFrameworks/Tightbeam.framework/Versions/A/Tightbeam
0x00000001d8156000 	/System/Library/PrivateFrameworks/AFKUser.framework/Versions/A/AFKUser
0x00000001aa62c000 	/System/Library/PrivateFrameworks/AppServerSupport.framework/Versions/A/AppServerSupport
0x00000001ac999000 	/System/Library/PrivateFrameworks/perfdata.framework/Versions/A/perfdata
0x00000001c1ab7000 	/System/Library/PrivateFrameworks/SystemPolicy.framework/Versions/A/SystemPolicy
0x00000001ac838000 	/usr/lib/libSMC.dylib
0x00000001aaf6b000 	/usr/lib/libAudioToolboxUtility.dylib
0x00000001ac9a7000 	/usr/lib/libperfcheck.dylib
0x000000023cb9e000 	/System/Library/PrivateFrameworks/AudioAnalytics.framework/Versions/A/AudioAnalytics
0x00000001eb18b000 	/System/Library/PrivateFrameworks/FeatureFlags.framework/Versions/A/FeatureFlags
0x00000001e3f6b000 	/System/Library/Frameworks/OSLog.framework/Versions/A/OSLog
0x00000001a85fb000 	/usr/lib/libbz2.1.0.dylib
0x00000001c2854000 	/usr/lib/libmis.dylib
0x00000001ac313000 	/System/Library/PrivateFrameworks/AudioSession.framework/libSessionUtility.dylib
0x00000001ab0bd000 	/System/Library/PrivateFrameworks/CMCaptureCore.framework/Versions/A/CMCaptureCore
0x00000001aa642000 	/usr/lib/libspindump.dylib
0x00000001f8574000 	/System/Library/Frameworks/ExtensionFoundation.framework/Versions/A/ExtensionFoundation
0x00000001b243f000 	/System/Library/PrivateFrameworks/CoreTime.framework/Versions/A/CoreTime
0x00000001aa303000 	/System/Library/PrivateFrameworks/PlugInKit.framework/Versions/A/PlugInKit
0x00000001b1075000 	/System/Library/PrivateFrameworks/PowerLog.framework/Versions/A/PowerLog
0x00000001b0f87000 	/System/Library/Frameworks/CoreBluetooth.framework/Versions/A/CoreBluetooth
0x00000001b469f000 	/System/Library/Frameworks/AudioUnit.framework/Versions/A/AudioUnit
0x00000001a7ca3000 	/System/Library/PrivateFrameworks/CoreUtils.framework/Versions/A/CoreUtils
0x0000000243590000 	/System/Library/PrivateFrameworks/CoreUtilsExtras.framework/Versions/A/CoreUtilsExtras
0x00000001b0471000 	/System/Library/Frameworks/MediaAccessibility.framework/Versions/A/MediaAccessibility
0x00000001caa60000 	/System/Library/PrivateFrameworks/AttributeGraph.framework/Versions/A/AttributeGraph
0x0000000274cb6000 	/usr/lib/libAXSafeCategoryBundle.dylib
0x00000001bccdf000 	/usr/lib/libAccessibility.dylib
0x00000001a7aee000 	/System/Library/Frameworks/Accelerate.framework/Versions/A/Frameworks/vecLib.framework/Versions/A/libvDSP.dylib
0x00000001a8da4000 	/System/Library/Frameworks/Accelerate.framework/Versions/A/Frameworks/vecLib.framework/Versions/A/libLAPACK.dylib
0x00000001a7f95000 	/System/Library/Frameworks/Accelerate.framework/Versions/A/Frameworks/vecLib.framework/Versions/A/libLinearAlgebra.dylib
0x00000001a8cb3000 	/System/Library/Frameworks/Accelerate.framework/Versions/A/Frameworks/vecLib.framework/Versions/A/libSparseBLAS.dylib
0x00000001a8d9f000 	/System/Library/Frameworks/Accelerate.framework/Versions/A/Frameworks/vecLib.framework/Versions/A/libQuadrature.dylib
0x00000001a7133000 	/System/Library/Frameworks/Accelerate.framework/Versions/A/Frameworks/vecLib.framework/Versions/A/libBNNS.dylib
0x000000019bea2000 	/System/Library/Frameworks/Accelerate.framework/Versions/A/Frameworks/vecLib.framework/Versions/A/libSparse.dylib
0x0000000252cb7000 	/System/Library/PrivateFrameworks/MIL.framework/Versions/A/MIL
0x00000001ab04f000 	/System/Library/PrivateFrameworks/GPUWrangler.framework/Versions/A/GPUWrangler
0x00000001ab02f000 	/System/Library/PrivateFrameworks/IOPresentment.framework/Versions/A/IOPresentment
0x00000001ab057000 	/System/Library/PrivateFrameworks/DSExternalDisplay.framework/Versions/A/DSExternalDisplay
0x00000001e4376000 	/System/Library/PrivateFrameworks/HIDDisplay.framework/Versions/A/HIDDisplay
0x00000001bba3d000 	/System/Library/PrivateFrameworks/HID.framework/Versions/A/HID
0x000000026b599000 	/System/Library/PrivateFrameworks/VideoToolboxParavirtualizationSupport.framework/Versions/A/VideoToolboxParavirtualizationSupport
0x00000001aa3bc000 	/System/Library/PrivateFrameworks/AppleVA.framework/Versions/A/AppleVA
0x00000001b1f89000 	/System/Library/PrivateFrameworks/GraphicsServices.framework/Versions/A/GraphicsServices
0x00000001a1e7e000 	/System/Library/Frameworks/CoreData.framework/Versions/A/CoreData
0x00000001acb8f000 	/System/Library/PrivateFrameworks/CorePhoneNumbers.framework/Versions/A/CorePhoneNumbers
0x00000001b1165000 	/System/Library/PrivateFrameworks/MediaKit.framework/Versions/A/MediaKit
0x00000001b10b0000 	/System/Library/Frameworks/DiscRecording.framework/Versions/A/DiscRecording
0x00000001a700c000 	/System/Library/PrivateFrameworks/CoreNLP.framework/Versions/A/CoreNLP
0x00000001a7f3b000 	/usr/lib/libmecab.dylib
0x000000019bf97000 	/usr/lib/libCRFSuite.dylib
0x00000001a7f92000 	/usr/lib/libgermantok.dylib
0x00000001a8c69000 	/usr/lib/libThaiTokenizer.dylib
0x00000001f7e92000 	/System/Library/Frameworks/CoreTransferable.framework/Versions/A/CoreTransferable
0x00000001ac979000 	/System/Library/PrivateFrameworks/NetAuth.framework/Versions/A/NetAuth
0x00000001aa478000 	/System/Library/PrivateFrameworks/IconServices.framework/Versions/A/IconServices
0x00000001a4435000 	/System/Library/PrivateFrameworks/login.framework/Versions/A/Frameworks/loginsupport.framework/Versions/A/loginsupport
0x00000001c290f000 	/usr/lib/swift/libswiftCoreImage.dylib
0x00000001aa42c000 	/System/Library/PrivateFrameworks/IconFoundation.framework/Versions/A/IconFoundation
0x00000001a3fb6000 	/System/Library/PrivateFrameworks/CoreUI.framework/Versions/A/CoreUI
0x00000001ab144000 	/System/Library/PrivateFrameworks/TextureIO.framework/Versions/A/TextureIO
0x00000001a67cb000 	/System/Library/PrivateFrameworks/CoreSVG.framework/Versions/A/CoreSVG
0x00000001d7a94000 	/usr/lib/swift/libswiftAccelerate.dylib
0x00000001aa19f000 	/usr/lib/libIOReport.dylib
0x000000023c80b000 	/System/Library/PrivateFrameworks/AppleMobileFileIntegrity.framework/Versions/A/AppleMobileFileIntegrity
0x000000027505b000 	/usr/lib/libTLE.dylib
0x00000001f38ce000 	/System/Library/PrivateFrameworks/ConfigProfileHelper.framework/Versions/A/ConfigProfileHelper
0x00000001ab1fc000 	/System/Library/PrivateFrameworks/DataDetectorsCore.framework/Versions/A/DataDetectorsCore
0x00000001a0031000 	/System/Library/PrivateFrameworks/UIFoundation.framework/Versions/A/UIFoundation
0x00000001a7f05000 	/usr/lib/libCheckFix.dylib
0x00000001a36d6000 	/System/Library/PrivateFrameworks/MetadataUtilities.framework/Versions/A/MetadataUtilities
0x000000024ef89000 	/System/Library/PrivateFrameworks/InstalledContentLibrary.framework/Versions/A/InstalledContentLibrary
0x000000019eaa4000 	/System/Library/PrivateFrameworks/CoreServicesStore.framework/Versions/A/CoreServicesStore
0x00000001a429c000 	/usr/lib/libapp_launch_measurement.dylib
0x00000001d3ad3000 	/System/Library/PrivateFrameworks/MobileSystemServices.framework/Versions/A/MobileSystemServices
0x00000001aa05d000 	/usr/lib/libxslt.1.dylib
0x00000001a7ec7000 	/System/Library/PrivateFrameworks/BackgroundTaskManagement.framework/Versions/A/BackgroundTaskManagement
0x00000001b3e59000 	/usr/lib/libcurl.4.dylib
0x0000000275293000 	/usr/lib/libcrypto.46.dylib
0x00000002757e0000 	/usr/lib/libssl.48.dylib
0x00000001b3b2d000 	/System/Library/Frameworks/LDAP.framework/Versions/A/LDAP
0x00000001b3b69000 	/System/Library/PrivateFrameworks/TrustEvaluationAgent.framework/Versions/A/TrustEvaluationAgent
0x00000001ac63b000 	/usr/lib/libsasl2.2.dylib
0x00000001b6ac5000 	/System/Library/Frameworks/Cocoa.framework/Versions/A/Cocoa
0x000000019ec35000 	/System/Library/Frameworks/AppKit.framework/Versions/C/AppKit
0x000000023fc03000 	/System/Library/PrivateFrameworks/CollectionViewCore.framework/Versions/A/CollectionViewCore
0x00000001afd5c000 	/System/Library/PrivateFrameworks/RemoteViewServices.framework/Versions/A/RemoteViewServices
0x00000001a67c5000 	/System/Library/PrivateFrameworks/XCTTargetBootstrap.framework/Versions/A/XCTTargetBootstrap
0x00000001ab24b000 	/System/Library/PrivateFrameworks/UserActivity.framework/Versions/A/UserActivity
0x0000000269d04000 	/System/Library/PrivateFrameworks/UIIntelligenceSupport.framework/Versions/A/UIIntelligenceSupport
0x0000000236ce9000 	/System/Library/Frameworks/SwiftUICore.framework/Versions/A/SwiftUICore
0x000000026e87d000 	/System/Library/PrivateFrameworks/WritingTools.framework/Versions/A/WritingTools
0x000000026d914000 	/System/Library/PrivateFrameworks/WindowManagement.framework/Versions/A/WindowManagement
0x00000001a67b0000 	/System/Library/PrivateFrameworks/DFRFoundation.framework/Versions/A/DFRFoundation
0x00000001c5fe4000 	/System/Library/PrivateFrameworks/TextInput.framework/Versions/A/TextInput
0x00000001a64a8000 	/System/Library/Frameworks/Carbon.framework/Versions/A/Frameworks/HIToolbox.framework/Versions/A/HIToolbox
0x00000001afd97000 	/System/Library/Frameworks/Carbon.framework/Versions/A/Frameworks/SpeechRecognition.framework/Versions/A/SpeechRecognition
0x00000001badb5000 	/System/Library/PrivateFrameworks/RenderBox.framework/Versions/A/RenderBox
0x00000001a422d000 	/System/Library/PrivateFrameworks/PerformanceAnalysis.framework/Versions/A/PerformanceAnalysis
0x00000001b00fc000 	/System/Library/Frameworks/Accessibility.framework/Versions/A/Accessibility
0x00000001f8426000 	/System/Library/Frameworks/DeveloperToolsSupport.framework/Versions/A/DeveloperToolsSupport
0x00000002378b3000 	/System/Library/Frameworks/Symbols.framework/Versions/A/Symbols
0x00000001e0c15000 	/System/Library/PrivateFrameworks/CoreMaterial.framework/Versions/A/CoreMaterial
0x000000025cbe5000 	/System/Library/PrivateFrameworks/SFSymbols.framework/Versions/A/SFSymbols
0x00000001afd84000 	/System/Library/PrivateFrameworks/SpeechRecognitionCore.framework/Versions/A/SpeechRecognitionCore
0x0000000108000000 	/opt/homebrew/Cellar/openjdk/25.0.1/libexec/openjdk.jdk/Contents/Home/lib/server/libjvm.dylib
0x0000000102864000 	/opt/homebrew/Cellar/openjdk/25.0.1/libexec/openjdk.jdk/Contents/Home/lib/libjimage.dylib
0x0000000102894000 	/opt/homebrew/Cellar/openjdk/25.0.1/libexec/openjdk.jdk/Contents/Home/lib/libinstrument.dylib
0x00000001028e0000 	/opt/homebrew/Cellar/openjdk/25.0.1/libexec/openjdk.jdk/Contents/Home/lib/libjava.dylib
0x0000000102fd4000 	/opt/homebrew/Cellar/openjdk/25.0.1/libexec/openjdk.jdk/Contents/Home/lib/libzip.dylib
0x0000000107420000 	/opt/homebrew/Cellar/openjdk/25.0.1/libexec/openjdk.jdk/Contents/Home/lib/libnio.dylib
0x0000000107440000 	/opt/homebrew/Cellar/openjdk/25.0.1/libexec/openjdk.jdk/Contents/Home/lib/libnet.dylib
0x0000000107400000 	/opt/homebrew/Cellar/openjdk/25.0.1/libexec/openjdk.jdk/Contents/Home/lib/libverify.dylib
0x000000010747c000 	/Users/fengjui/Library/Application Support/Code/User/globalStorage/redhat.java/1.51.2025120508/config_mac/org.eclipse.equinox.launcher/org.eclipse.equinox.launcher.cocoa.macosx.aarch64_1.2.1400.v20250801-0854/eclipse_11916.so
0x00000001a410f000 	/System/Library/PrivateFrameworks/ViewBridge.framework/Versions/A/ViewBridge
0x00000001077b8000 	/opt/homebrew/Cellar/openjdk/25.0.1/libexec/openjdk.jdk/Contents/Home/lib/libextnet.dylib

JVMTI agents:
/Users/fengjui/.vscode/extensions/redhat.java-1.51.2025120508/lombok/lombok-1.18.39-4050.jar path:none, loaded, initialized, instrumentlib options:none


VM Arguments:
jvm_args: -Djdk.xml.maxGeneralEntitySizeLimit=0 -Djdk.xml.totalEntitySizeLimit=0 --add-modules=ALL-SYSTEM --add-opens=java.base/java.util=ALL-UNNAMED --add-opens=java.base/java.lang=ALL-UNNAMED --add-opens=java.base/sun.nio.fs=ALL-UNNAMED -Declipse.application=org.eclipse.jdt.ls.core.id1 -Dosgi.bundles.defaultStartLevel=4 -Declipse.product=org.eclipse.jdt.ls.core.product -Djava.import.generatesMetadataFilesAtProjectRoot=false -DDetectVMInstallationsJob.disabled=true -Dfile.encoding=utf8 -XX:+UseParallelGC -XX:GCTimeRatio=4 -XX:AdaptiveSizePolicyWeight=90 -Dsun.zip.disableMemoryMapping=true -Xmx2G -Xms100m -Xlog:disable -javaagent:/Users/fengjui/.vscode/extensions/redhat.java-1.51.2025120508/lombok/lombok-1.18.39-4050.jar -XX:+HeapDumpOnOutOfMemoryError -XX:HeapDumpPath=/Users/fengjui/Library/Application Support/Code/User/workspaceStorage/1f69b4f4f535ba1db53e49b8b07fbb34/redhat.java -Daether.dependencyCollector.impl=bf -XX:+UnlockDiagnosticVMOptions -XX:+AllowArchivingWithJavaAgent -XX:+AutoCreateSharedArchive -XX:SharedArchiveFile=/Users/fengjui/Library/Application Support/Code/User/globalStorage/redhat.java/1.51.2025120508/jdtls.jsa 
java_command: /Users/fengjui/.vscode/extensions/redhat.java-1.51.2025120508/server/plugins/org.eclipse.equinox.launcher_1.7.100.v20251111-0406.jar -configuration /Users/fengjui/Library/Application Support/Code/User/globalStorage/redhat.java/1.51.2025120508/config_mac -data /Users/fengjui/Library/Application Support/Code/User/workspaceStorage/1f69b4f4f535ba1db53e49b8b07fbb34/redhat.java/jdt_ws --pipe=/private/var/folders/k0/g54dtb955sl_pgdcp17hjvh00000gn/T/lsp-8d70eaaf563d8c9d7ab1debcf2f19866.sock
java_class_path (initial): /Users/fengjui/.vscode/extensions/redhat.java-1.51.2025120508/server/plugins/org.eclipse.equinox.launcher_1.7.100.v20251111-0406.jar
Launcher Type: SUN_STANDARD

[Global flags]
     bool AOTInvokeDynamicLinking                  = false                                  {diagnostic} {ergonomic}
     bool AOTRecordTraining                        = false                                  {diagnostic} {ergonomic}
     bool AOTReplayTraining                        = false                                  {diagnostic} {ergonomic}
     uint AdaptiveSizePolicyWeight                 = 90                                        {product} {command line}
     bool AllowArchivingWithJavaAgent              = true                                   {diagnostic} {command line}
    ccstr ArchiveClassesAtExit                     = /Users/fengjui/Library/Application Support/Code/User/globalStorage/redhat.java/1.51.2025120508/jdtls.jsa            {product} {ergonomic}
     bool AutoCreateSharedArchive                  = true                                      {product} {command line}
     intx CICompilerCount                          = 4                                         {product} {ergonomic}
     uint GCTimeRatio                              = 4                                         {product} {command line}
     bool HeapDumpOnOutOfMemoryError               = true                                   {manageable} {command line}
    ccstr HeapDumpPath                             = /Users/fengjui/Library/Application Support/Code/User/workspaceStorage/1f69b4f4f535ba1db53e49b8b07fbb34/redhat.java         {manageable} {command line}
   size_t InitialHeapSize                          = 109051904                                 {product} {command line, ergonomic}
   size_t MaxHeapSize                              = 2147483648                                {product} {command line}
   size_t MaxNewSize                               = 715653120                                 {product} {ergonomic}
   size_t MinHeapDeltaBytes                        = 524288                                    {product} {ergonomic}
   size_t MinHeapSize                              = 109051904                                 {product} {command line, ergonomic}
   size_t NewSize                                  = 36175872                                  {product} {ergonomic}
    uintx NonNMethodCodeHeapSize                   = 5832704                                {pd product} {ergonomic}
    uintx NonProfiledCodeHeapSize                  = 122929152                              {pd product} {ergonomic}
    uintx ProfiledCodeHeapSize                     = 122896384                              {pd product} {ergonomic}
    uintx ReservedCodeCacheSize                    = 251658240                              {pd product} {ergonomic}
     bool SegmentedCodeCache                       = true                                      {product} {ergonomic}
    ccstr SharedArchiveFile                        =                                           {product} {command line, ergonomic}
   size_t SoftMaxHeapSize                          = 2147483648                             {manageable} {ergonomic}
     bool UnlockDiagnosticVMOptions                = true                                   {diagnostic} {command line}
     bool UseCompressedOops                        = true                           {product lp64_product} {ergonomic}
     bool UseNUMA                                  = false                                     {product} {ergonomic}
     bool UseNUMAInterleaving                      = false                                     {product} {ergonomic}
     bool UseParallelGC                            = true                                      {product} {command line}

Logging:
Log output configuration:
 #0: stdout all=off uptime,level,tags foldmultilines=false
 #1: stderr all=off uptime,level,tags foldmultilines=false

Release file:
IMPLEMENTOR="Homebrew"
IMPLEMENTOR_VERSION="Homebrew"
JAVA_RUNTIME_VERSION="25.0.1"
JAVA_VERSION="25.0.1"
JAVA_VERSION_DATE="2025-10-21"
LIBC="default"
MODULES="java.base java.compiler java.datatransfer java.xml java.prefs java.desktop java.instrument java.logging java.management java.security.sasl java.naming java.rmi java.management.rmi java.net.http java.scripting java.security.jgss java.transaction.xa java.sql java.sql.rowset java.xml.crypto java.se java.smartcardio jdk.accessibility jdk.internal.jvmstat jdk.attach jdk.charsets jdk.internal.opt jdk.zipfs jdk.compiler jdk.crypto.cryptoki jdk.crypto.ec jdk.dynalink jdk.internal.ed jdk.editpad jdk.internal.vm.ci jdk.graal.compiler jdk.graal.compiler.management jdk.hotspot.agent jdk.httpserver jdk.incubator.vector jdk.internal.le jdk.internal.md jdk.jartool jdk.javadoc jdk.jcmd jdk.management jdk.management.agent jdk.jconsole jdk.jdeps jdk.jdwp.agent jdk.jdi jdk.jfr jdk.jlink jdk.jpackage jdk.jshell jdk.jsobject jdk.jstatd jdk.localedata jdk.management.jfr jdk.naming.dns jdk.naming.rmi jdk.net jdk.nio.mapmode jdk.sctp jdk.security.auth jdk.security.jgss jdk.unsupported jdk.unsupported.desktop jdk.xml.dom"
OS_ARCH="aarch64"
OS_NAME="Darwin"
SOURCE=""

Environment Variables:
PATH=/Applications/anaconda3/bin:/opt/homebrew/bin:/opt/homebrew/sbin:/usr/local/bin:/System/Cryptexes/App/usr/bin:/usr/bin:/bin:/usr/sbin:/sbin:/var/run/com.apple.security.cryptexd/codex.system/bootstrap/usr/local/bin:/var/run/com.apple.security.cryptexd/codex.system/bootstrap/usr/bin:/var/run/com.apple.security.cryptexd/codex.system/bootstrap/usr/appleinternal/bin:/Library/Apple/usr/bin
SHELL=/bin/zsh
TMPDIR=/var/folders/k0/g54dtb955sl_pgdcp17hjvh00000gn/T/

Active Locale:
LC_ALL=C
LC_COLLATE=C
LC_CTYPE=C
LC_MESSAGES=C
LC_MONETARY=C
LC_NUMERIC=C
LC_TIME=C

Signal Handlers:
   SIGSEGV: crash_handler in libjvm.dylib, mask=11100110000111110111111111111111, flags=SA_ONSTACK|SA_RESTART|SA_SIGINFO, unblocked
    SIGBUS: crash_handler in libjvm.dylib, mask=11100110000111110111111111111111, flags=SA_RESTART|SA_SIGINFO, unblocked
    SIGFPE: crash_handler in libjvm.dylib, mask=11100110000111110111111111111111, flags=SA_RESTART|SA_SIGINFO, unblocked
   SIGPIPE: javaSignalHandler in libjvm.dylib, mask=11100110000111110111111111111111, flags=SA_RESTART|SA_SIGINFO, blocked
   SIGXFSZ: javaSignalHandler in libjvm.dylib, mask=11100110000111110111111111111111, flags=SA_RESTART|SA_SIGINFO, blocked
    SIGILL: crash_handler in libjvm.dylib, mask=11100110000111110111111111111111, flags=SA_RESTART|SA_SIGINFO, unblocked
   SIGUSR2: SR_handler in libjvm.dylib, mask=00000000000000000000000000000000, flags=SA_RESTART|SA_SIGINFO, blocked
    SIGHUP: UserHandler in libjvm.dylib, mask=11100110000111110111111111111111, flags=SA_RESTART|SA_SIGINFO, blocked
    SIGINT: UserHandler in libjvm.dylib, mask=11100110000111110111111111111111, flags=SA_RESTART|SA_SIGINFO, blocked
   SIGTERM: UserHandler in libjvm.dylib, mask=11100110000111110111111111111111, flags=SA_RESTART|SA_SIGINFO, blocked
   SIGQUIT: UserHandler in libjvm.dylib, mask=11100110000111110111111111111111, flags=SA_RESTART|SA_SIGINFO, blocked
   SIGTRAP: crash_handler in libjvm.dylib, mask=11100110000111110111111111111111, flags=SA_RESTART|SA_SIGINFO, unblocked


Compilation memory statistics disabled.

Periodic native trim disabled

---------------  S Y S T E M  ---------------

OS:
uname: Darwin 24.1.0 Darwin Kernel Version 24.1.0: Thu Oct 10 21:02:26 PDT 2024; root:xnu-11215.41.3~2/RELEASE_ARM64_T8122 arm64
OS uptime: 49 days 8:12 hours
rlimit (soft/hard): STACK 8176k/65520k , CORE 0k/infinity , NPROC 1333/2000 , NOFILE 1048576/infinity , AS infinity/infinity , CPU infinity/infinity , DATA infinity/infinity , FSIZE infinity/infinity , MEMLOCK infinity/infinity , RSS infinity/infinity
load average: 4.66 3.01 3.00

CPU: total 8 (initial active 8) 0x61:0x0:0xfa33415e:0, fp, asimd, aes, pmull, sha1, sha256, crc32, lse, sha3, sha512
machdep.cpu.brand_string:Apple M3
hw.cachelinesize:128
hw.l1icachesize:131072
hw.l1dcachesize:65536
hw.l2cachesize:4194304

Memory: 16k page, physical 8388608k(3484240k free), swap 12582912k(9031360k free)

vm_info: OpenJDK 64-Bit Server VM (25.0.1) for bsd-aarch64 JRE (25.0.1), built on 2025-09-25T16:16:56Z with clang Apple LLVM 17.0.0 (clang-1700.0.13.3)

END.
