#
# A fatal error has been detected by the Java Runtime Environment:
#
#  SIGSEGV (0xb) at pc=0x0000000109bada6c, pid=22423, tid=17155
#
# JRE version: OpenJDK Runtime Environment Homebrew (25.0.1) (build 25.0.1)
# Java VM: OpenJDK 64-Bit Server VM Homebrew (25.0.1, mixed mode, sharing, tiered, compressed oops, compressed class ptrs, parallel gc, bsd-aarch64)
# Problematic frame:
# V  [libjvm.dylib+0x3ada6c]  InstanceKlass::can_be_verified_at_dumptime() const+0x34
#
# No core dump will be written. Core dumps have been disabled. To enable core dumping, try "ulimit -c unlimited" before starting Java again
#
# If you would like to submit a bug report, please visit:
#   https://github.com/Homebrew/homebrew-core/issues
#

---------------  S U M M A R Y ------------

Command Line: -Djdk.xml.maxGeneralEntitySizeLimit=0 -Djdk.xml.totalEntitySizeLimit=0 --add-modules=ALL-SYSTEM --add-opens=java.base/java.util=ALL-UNNAMED --add-opens=java.base/java.lang=ALL-UNNAMED --add-opens=java.base/sun.nio.fs=ALL-UNNAMED -Declipse.application=org.eclipse.jdt.ls.core.id1 -Dosgi.bundles.defaultStartLevel=4 -Declipse.product=org.eclipse.jdt.ls.core.product -Djava.import.generatesMetadataFilesAtProjectRoot=false -DDetectVMInstallationsJob.disabled=true -Dfile.encoding=utf8 -XX:+UseParallelGC -XX:GCTimeRatio=4 -XX:AdaptiveSizePolicyWeight=90 -Dsun.zip.disableMemoryMapping=true -Xmx2G -Xms100m -Xlog:disable -javaagent:/Users/fengjui/.vscode/extensions/redhat.java-1.51.2025120508/lombok/lombok-1.18.39-4050.jar -XX:+HeapDumpOnOutOfMemoryError -XX:HeapDumpPath=/Users/fengjui/Library/Application Support/Code/User/workspaceStorage/1f69b4f4f535ba1db53e49b8b07fbb34/redhat.java -Daether.dependencyCollector.impl=bf -XX:+UnlockDiagnosticVMOptions -XX:+AllowArchivingWithJavaAgent -XX:+AutoCreateSharedArchive -XX:SharedArchiveFile=/Users/fengjui/Library/Application Support/Code/User/globalStorage/redhat.java/1.51.2025120508/jdtls.jsa /Users/fengjui/.vscode/extensions/redhat.java-1.51.2025120508/server/plugins/org.eclipse.equinox.launcher_1.7.100.v20251111-0406.jar -configuration /Users/fengjui/Library/Application Support/Code/User/globalStorage/redhat.java/1.51.2025120508/config_mac -data /Users/fengjui/Library/Application Support/Code/User/workspaceStorage/1f69b4f4f535ba1db53e49b8b07fbb34/redhat.java/jdt_ws --pipe=/private/var/folders/k0/g54dtb955sl_pgdcp17hjvh00000gn/T/lsp-b054edadec23b66d907b70aceb8e5ac7.sock

Host: "Mac15,13" arm64, 8 cores, 8G, Darwin 24.1.0, macOS 15.1.1 (24B91)
Time: Tue Dec 16 22:18:11 2025 CST elapsed time: 399286.647553 seconds (4d 14h 54m 46s)

---------------  T H R E A D  ---------------

Current thread (0x000000011880de00):  VMThread "VM Thread"          [id=17155, stack(0x000000016c35c000,0x000000016c55f000) (2060K)]

Stack: [0x000000016c35c000,0x000000016c55f000],  sp=0x000000016c55e6f0,  free space=2057k
Native frames: (J=compiled Java code, j=interpreted, Vv=VM code, C=native code)
V  [libjvm.dylib+0x3ada6c]  InstanceKlass::can_be_verified_at_dumptime() const+0x34
V  [libjvm.dylib+0x3adad8]  InstanceKlass::can_be_verified_at_dumptime() const+0xa0
V  [libjvm.dylib+0x3ad658]  InstanceKlass::metaspace_pointers_do(MetaspaceClosure*)+0x1e0
V  [libjvm.dylib+0x2cbfec]  DynamicArchiveBuilder::remark_pointers_for_instance_klass(InstanceKlass*, bool) const+0x4c
V  [libjvm.dylib+0x2cbec8]  DynamicArchiveBuilder::sort_methods(InstanceKlass*) const+0xf4
V  [libjvm.dylib+0x2cbdb4]  DynamicArchiveBuilder::sort_methods()+0x5c
V  [libjvm.dylib+0x2cce38]  DynamicArchiveBuilder::doit()+0xec
V  [libjvm.dylib+0x2ccb44]  VM_PopulateDynamicDumpSharedSpace::doit()+0xbc
V  [libjvm.dylib+0x8d21b0]  VM_Operation::evaluate()+0xf8
V  [libjvm.dylib+0x8e0e38]  VMThread::evaluate_operation(VM_Operation*)+0xf8
V  [libjvm.dylib+0x8e1478]  VMThread::inner_execute(VM_Operation*)+0x1f4
V  [libjvm.dylib+0x8e0c64]  VMThread::loop()+0x68
V  [libjvm.dylib+0x8e0aec]  VMThread::run()+0x84
V  [libjvm.dylib+0x86e150]  Thread::call_run()+0x8c
V  [libjvm.dylib+0x6aafbc]  thread_native_entry(Thread*)+0xcc
C  [libsystem_pthread.dylib+0x72e4]  _pthread_start+0x88

siginfo: si_signo: 11 (SIGSEGV), si_code: 2 (SEGV_ACCERR), si_addr: 0x00000000000000e0

Registers:
 x0=0x0000000000000000  x1=0x0000000000000000  x2=0x0000000000000000  x3=0x000000011e604d20
 x4=0x0000000000000000  x5=0x0000000000000001  x6=0x0000000000000000  x7=0x00000003304246d0
 x8=0x0000040000d94000  x9=0x0000040000000000 x10=0x0000000000000000 x11=0x0000000000aaaaa9
x12=0x0000000000000019 x13=0x0000000000000080 x14=0x00000003300f9dc0 x15=0x00000400001f4320
x16=0x0000000193bc3ae0 x17=0x0000000200f02480 x18=0x0000000000000000 x19=0x0000000000000000
x20=0x0000000000000000 x21=0x00000003304257c8 x22=0x0000000000000002 x23=0x00000003304257e0
x24=0x000000010a338000 x25=0x000000016c55e970 x26=0x0000000000000000 x27=0x0000000000000000
x28=0x0000000000000000  fp=0x000000016c55e700  lr=0x0000000109badad8  sp=0x000000016c55e6f0
pc=0x0000000109bada6c cpsr=0x0000000020001000

Register to memory mapping:

x0 =0x0 is null
x1 =0x0 is null
x2 =0x0 is null
x3 =0x000000011e604d20 points into unknown readable memory: 0x0000000036fd8786 | 86 87 fd 36 00 00 00 00
x4 =0x0 is null
x5 =0x0000000000000001 is an unknown value
x6 =0x0 is null
x7 =0x00000003304246d0 points into unknown readable memory: 0x0000040000004710 | 10 47 00 00 00 04 00 00
x8 =0x0000040000d94000 is an unknown value
x9 =0x0000040000000000 points into nKlass protection zone
x10=0x0 is null
x11=0x0000000000aaaaa9 is an unknown value
x12=0x0000000000000019 is an unknown value
x13=0x0000000000000080 is an unknown value
x14=0x00000003300f9dc0 points into unknown readable memory: 0x0000040000004710 | 10 47 00 00 00 04 00 00
x15={method} {0x00000400001f4320} 'finalize' '()V' in 'java/lang/Enum'
x16=0x0000000193bc3ae0: _platform_memset+0 in /usr/lib/system/libsystem_platform.dylib at 0x0000000193bc0000
x17=0x0000000200f02480 points into unknown readable memory: 0x0000000193bc3ae0 | e0 3a bc 93 01 00 00 00
x18=0x0 is null
x19=0x0 is null
x20=0x0 is null
x21=0x00000003304257c8 points into unknown readable memory: 0x0000000000000000 | 00 00 00 00 00 00 00 00
x22=0x0000000000000002 is an unknown value
x23=0x00000003304257e0 points into unknown readable memory: 0x0000000332ce4738 | 38 47 ce 32 03 00 00 00
x24=0x000000010a338000: _ZL32jdk_internal_misc_Unsafe_methods+0x580 in /opt/homebrew/Cellar/openjdk/25.0.1/libexec/openjdk.jdk/Contents/Home/lib/server/libjvm.dylib at 0x0000000109800000
x25=0x000000016c55e970 points into unknown readable memory: 0x000000011ff14ca0 | a0 4c f1 1f 01 00 00 00
x26=0x0 is null
x27=0x0 is null
x28=0x0 is null
 fp=0x000000016c55e700 points into unknown readable memory: 0x000000016c55e720 | 20 e7 55 6c 01 00 00 00
 lr=0x0000000109badad8: _ZNK13InstanceKlass27can_be_verified_at_dumptimeEv+0xa0 in /opt/homebrew/Cellar/openjdk/25.0.1/libexec/openjdk.jdk/Contents/Home/lib/server/libjvm.dylib at 0x0000000109800000
 sp=0x000000016c55e6f0 points into unknown readable memory: 0x0000000000000000 | 00 00 00 00 00 00 00 00

Top of Stack: (sp=0x000000016c55e6f0)
0x000000016c55e6f0:   0000000000000000 0000000332ce44e8   .........D.2....
0x000000016c55e700:   000000016c55e720 0000000109badad8    .Ul............
0x000000016c55e710:   0000000330425650 000000016c55e7d0   PVB0......Ul....
0x000000016c55e720:   000000016c55e7c0 0000000109bad658   ..Ul....X.......
0x000000016c55e730:   000000016c55e760 0000000109db2b08   `.Ul.....+......
0x000000016c55e740:   0000000000000001 000000016c55e818   ..........Ul....
0x000000016c55e750:   0000000000000000 0000000000000000   ................
0x000000016c55e760:   000000016c55e7c0 0000000109d82b78   ..Ul....x+......
0x000000016c55e770:   0000000000000000 0000000000000000   ................
0x000000016c55e780:   0000000000000000 000000016c55e970   ........p.Ul....
0x000000016c55e790:   000000010a338000 000000010a2bb1e0   ..3.......+.....
0x000000016c55e7a0:   000000010a338540 000000010a31d000   @.3.......1.....
0x000000016c55e7b0:   000000016f8adfc8 0000000330425650   ...o....PVB0....
0x000000016c55e7c0:   000000016c55e7f0 0000000109acbfec   ..Ul............
0x000000016c55e7d0:   000000010a2ebb60 0000000000000000   `...............
0x000000016c55e7e0:   0000000100000000 0000000000000000   ................
0x000000016c55e7f0:   000000016c55e870 0000000109acbec8   p.Ul............
0x000000016c55e800:   000000010a338540 0000000000063689   @.3......6......
0x000000016c55e810:   000000016f8adfc8 0000000330424ec8   ...o.....NB0....
0x000000016c55e820:   0000000200000042 0000000100000002   B...............
0x000000016c55e830:   000000010a338540 000000010a31d000   @.3.......1.....
0x000000016c55e840:   000000010a338000 000000010a2bb1e0   ..3.......+.....
0x000000016c55e850:   000000010a338540 000000010a31d000   @.3.......1.....
0x000000016c55e860:   0000000000000980 000000016f8adfc8   ...........o....
0x000000016c55e870:   000000016c55e890 0000000109acbdb4   ..Ul............
0x000000016c55e880:   000000016f8adfc8 000000010a3c9db0   ...o......<.....
0x000000016c55e890:   000000016c55e900 0000000109acce38   ..Ul....8.......
0x000000016c55e8a0:   000000013000d968 0000000000000100   h..0............
0x000000016c55e8b0:   0000000000000000 0000000000000000   ................
0x000000016c55e8c0:   0000000000000000 000000016c55e970   ........p.Ul....
0x000000016c55e8d0:   000000010a338000 000000010a2bb1e0   ..3.......+.....
0x000000016c55e8e0:   000000010a338540 000000016c55e918   @.3.......Ul....

Instructions: (pc=0x0000000109bada6c)
  0x0000000109bad96c:   14 7b 0a 94 95 c2 03 91 00 05 80 52 01 03 80 52
  0x0000000109bad97c:   02 00 80 52 d7 07 f5 97 e1 03 00 aa 17 08 00 b9
  0x0000000109bad98c:   1f 7c 01 a9 15 10 00 f9 d6 39 00 b0 d6 a2 1c 91
  0x0000000109bad99c:   16 00 00 f9 e0 03 13 aa 06 7b 0a 94 95 02 04 91
  0x0000000109bad9ac:   00 05 80 52 01 03 80 52 02 00 80 52 c9 07 f5 97
  0x0000000109bad9bc:   e1 03 00 aa 17 08 00 b9 1f 7c 01 a9 15 10 00 f9
  0x0000000109bad9cc:   16 00 00 f9 e0 03 13 aa fa 7a 0a 94 94 22 04 91
  0x0000000109bad9dc:   00 05 80 52 01 03 80 52 02 00 80 52 bd 07 f5 97
  0x0000000109bad9ec:   e1 03 00 aa 17 08 00 b9 1f 7c 01 a9 14 10 00 f9
  0x0000000109bad9fc:   28 3a 00 d0 08 41 13 91 08 00 00 f9 e0 03 13 aa
  0x0000000109bada0c:   ec 7a 0a 94 fd 7b 49 a9 f4 4f 48 a9 f6 57 47 a9
  0x0000000109bada1c:   f8 5f 46 a9 fa 67 45 a9 fc 6f 44 a9 ff 83 02 91
  0x0000000109bada2c:   c0 03 5f d6 15 00 80 52 0b ff ff 17 88 3c 00 f0
  0x0000000109bada3c:   08 81 07 91 08 01 40 f9 89 3c 00 f0 29 61 07 91
  0x0000000109bada4c:   29 01 40 f9 1f 01 00 eb 22 81 40 fa 69 01 00 54
  0x0000000109bada5c:   f4 4f be a9 fd 7b 01 a9 fd 43 00 91 f3 03 00 aa
=>0x0000000109bada6c:   08 70 40 f9 08 61 40 79 1f c9 00 71 a2 00 00 54
  0x0000000109bada7c:   00 00 80 52 1c 00 00 14 20 00 80 52 c0 03 5f d6
  0x0000000109bada8c:   68 02 40 f9 08 3d 40 f9 e0 03 13 aa 00 01 3f d6
  0x0000000109bada9c:   e0 00 00 b4 68 02 40 f9 08 3d 40 f9 e0 03 13 aa
  0x0000000109badaac:   00 01 3f d6 e2 ff ff 97 e0 01 00 34 69 d2 40 f9
  0x0000000109badabc:   28 01 40 b9 1f 05 00 71 4b 01 00 54 33 21 00 91
  0x0000000109badacc:   14 05 00 d1 60 86 40 f8 d9 ff ff 97 94 06 00 f1
  0x0000000109badadc:   e8 37 9f 1a 80 00 00 34 68 ff 07 37 02 00 00 14
  0x0000000109badaec:   20 00 80 52 fd 7b 41 a9 f4 4f c2 a8 c0 03 5f d6
  0x0000000109badafc:   f4 4f be a9 fd 7b 01 a9 fd 43 00 91 f3 03 00 aa
  0x0000000109badb0c:   08 c0 04 91 08 c1 bf 38 1f 09 00 71 83 00 00 54
  0x0000000109badb1c:   68 6a 41 79 08 01 1d 32 68 6a 01 79 69 d2 44 39
  0x0000000109badb2c:   e8 03 09 aa 2a 79 1a 12 bf 3b 03 d5 6b d2 04 91
  0x0000000109badb3c:   6a 7d a8 08 bf 3b 03 d5 1f 01 29 6b e9 03 08 aa
  0x0000000109badb4c:   21 ff ff 54 e0 03 13 aa b7 44 07 94 e0 03 13 aa
  0x0000000109badb5c:   e0 45 12 94 c0 08 00 37 7f c2 04 39 68 1e 40 79


Stack slot to memory mapping:

stack at sp + 0 slots: 0x0 is null
stack at sp + 1 slots: 0x0000000332ce44e8 points into unknown readable memory: 0x000000000000001c | 1c 00 00 00 00 00 00 00
stack at sp + 2 slots: 0x000000016c55e720 points into unknown readable memory: 0x000000016c55e7c0 | c0 e7 55 6c 01 00 00 00
stack at sp + 3 slots: 0x0000000109badad8: _ZNK13InstanceKlass27can_be_verified_at_dumptimeEv+0xa0 in /opt/homebrew/Cellar/openjdk/25.0.1/libexec/openjdk.jdk/Contents/Home/lib/server/libjvm.dylib at 0x0000000109800000
stack at sp + 4 slots: 0x0000000330425650 points into unknown readable memory: 0x0000040000004080 | 80 40 00 00 00 04 00 00
stack at sp + 5 slots: 0x000000016c55e7d0 points into unknown readable memory: 0x000000010a2ebb60 | 60 bb 2e 0a 01 00 00 00
stack at sp + 6 slots: 0x000000016c55e7c0 points into unknown readable memory: 0x000000016c55e7f0 | f0 e7 55 6c 01 00 00 00
stack at sp + 7 slots: 0x0000000109bad658: _ZN13InstanceKlass21metaspace_pointers_doEP16MetaspaceClosure+0x1e0 in /opt/homebrew/Cellar/openjdk/25.0.1/libexec/openjdk.jdk/Contents/Home/lib/server/libjvm.dylib at 0x0000000109800000

VM_Operation (0x000000016f8adfb8): PopulateDumpSharedSpace, mode: safepoint, requested by thread 0x000000012ee07e00


---------------  P R O C E S S  ---------------

Threads class SMR info:
_java_thread_list=0x000000011e3eb210, length=41, elements={
0x0000000118808200, 0x0000000131809000, 0x0000000131811e00, 0x000000013100e600,
0x0000000131815400, 0x0000000131815c00, 0x0000000118815400, 0x0000000118010800,
0x0000000131013800, 0x0000000118070c00, 0x0000000131928200, 0x000000011807e600,
0x00000001312a7800, 0x00000001312ab200, 0x0000000131933000, 0x0000000118a29000,
0x00000001312cd200, 0x0000000118102600, 0x000000013017a800, 0x0000000118814600,
0x0000000118084c00, 0x00000001312cba00, 0x0000000118070400, 0x0000000119989400,
0x0000000118466a00, 0x0000000128c36e00, 0x000000012874de00, 0x000000012891a800,
0x000000012ea61a00, 0x000000011998ea00, 0x000000011995a400, 0x0000000118e2c200,
0x000000012ece1800, 0x000000012ee07e00, 0x000000013001f800, 0x0000000119a95200,
0x0000000119a27800, 0x0000000119a28000, 0x0000000118a0a400, 0x00000001301d9a00,
0x000000012ece0a00
}

Java Threads: ( => current thread )
  0x0000000118808200 JavaThread "main"                              [_thread_blocked, id=5123, stack(0x000000016bd38000,0x000000016bf3b000) (2060K)]
  0x0000000131809000 JavaThread "Reference Handler"          daemon [_thread_blocked, id=23299, stack(0x000000016c680000,0x000000016c883000) (2060K)]
  0x0000000131811e00 JavaThread "Finalizer"                  daemon [_thread_blocked, id=30979, stack(0x000000016c88c000,0x000000016ca8f000) (2060K)]
  0x000000013100e600 JavaThread "Signal Dispatcher"          daemon [_thread_blocked, id=30467, stack(0x000000016ca98000,0x000000016cc9b000) (2060K)]
  0x0000000131815400 JavaThread "Service Thread"             daemon [_thread_blocked, id=23811, stack(0x000000016cca4000,0x000000016cea7000) (2060K)]
  0x0000000131815c00 JavaThread "Monitor Deflation Thread"   daemon [_thread_blocked, id=29955, stack(0x000000016ceb0000,0x000000016d0b3000) (2060K)]
  0x0000000118815400 JavaThread "C2 CompilerThread0"         daemon [_thread_blocked, id=29443, stack(0x000000016d0bc000,0x000000016d2bf000) (2060K)]
  0x0000000118010800 JavaThread "C1 CompilerThread0"         daemon [_thread_blocked, id=24579, stack(0x000000016d2c8000,0x000000016d4cb000) (2060K)]
  0x0000000131013800 JavaThread "Common-Cleaner"             daemon [_thread_blocked, id=25091, stack(0x000000016d4d4000,0x000000016d6d7000) (2060K)]
  0x0000000118070c00 JavaThread "Notification Thread"        daemon [_thread_blocked, id=25603, stack(0x000000016d6e0000,0x000000016d8e3000) (2060K)]
  0x0000000131928200 JavaThread "Active Thread: Equinox Container: a0e44c90-a10c-40df-b575-ff84635abf5e"        [_thread_blocked, id=26883, stack(0x000000016df10000,0x000000016e113000) (2060K)]
  0x000000011807e600 JavaThread "Refresh Thread: Equinox Container: a0e44c90-a10c-40df-b575-ff84635abf5e" daemon [_thread_blocked, id=28419, stack(0x000000016e11c000,0x000000016e31f000) (2060K)]
  0x00000001312a7800 JavaThread "Framework Event Dispatcher: Equinox Container: a0e44c90-a10c-40df-b575-ff84635abf5e" daemon [_thread_blocked, id=36611, stack(0x000000016e534000,0x000000016e737000) (2060K)]
  0x00000001312ab200 JavaThread "Start Level: Equinox Container: a0e44c90-a10c-40df-b575-ff84635abf5e" daemon [_thread_blocked, id=41219, stack(0x000000016e740000,0x000000016e943000) (2060K)]
  0x0000000131933000 JavaThread "Bundle File Closer"         daemon [_thread_blocked, id=61203, stack(0x000000016eb58000,0x000000016ed5b000) (2060K)]
  0x0000000118a29000 JavaThread "SCR Component Actor"        daemon [_thread_blocked, id=48647, stack(0x000000016ed64000,0x000000016ef67000) (2060K)]
  0x00000001312cd200 JavaThread "Worker-JM"                         [_thread_blocked, id=49411, stack(0x000000016f17c000,0x000000016f37f000) (2060K)]
  0x0000000118102600 JavaThread "Java indexing"              daemon [_thread_blocked, id=31495, stack(0x000000016fbb8000,0x000000016fdbb000) (2060K)]
  0x000000013017a800 JavaThread "pool-2-thread-1"                   [_thread_blocked, id=57091, stack(0x0000000310210000,0x0000000310413000) (2060K)]
  0x0000000118814600 JavaThread "WorkspaceEventsHandler"            [_thread_blocked, id=56579, stack(0x000000031041c000,0x000000031061f000) (2060K)]
  0x0000000118084c00 JavaThread "pool-1-thread-1"                   [_thread_blocked, id=50947, stack(0x0000000310628000,0x000000031082b000) (2060K)]
  0x00000001312cba00 JavaThread "Cleaner-0"                  daemon [_thread_blocked, id=66567, stack(0x0000000311688000,0x000000031188b000) (2060K)]
  0x0000000118070400 JavaThread "Java Debug Server"          daemon [_thread_in_native, id=53143, stack(0x0000000301aa0000,0x0000000301ca3000) (2060K)]
  0x0000000119989400 JavaThread "RxSchedulerPurge-1"         daemon [_thread_blocked, id=54107, stack(0x0000000301eb8000,0x00000003020bb000) (2060K)]
  0x0000000118466a00 JavaThread "RxCachedWorkerPoolEvictor-1" daemon [_thread_blocked, id=55815, stack(0x00000003020c4000,0x00000003022c7000) (2060K)]
  0x0000000128c36e00 JavaThread "Worker-257"                        [_thread_blocked, id=85519, stack(0x0000000300004000,0x0000000300207000) (2060K)]
  0x000000012874de00 JavaThread "Compiler Source File Reader" daemon [_thread_blocked, id=69911, stack(0x0000000300210000,0x0000000300413000) (2060K)]
  0x000000012891a800 JavaThread "Compiler Source File Reader" daemon [_thread_blocked, id=52243, stack(0x000000030041c000,0x000000030061f000) (2060K)]
  0x000000012ea61a00 JavaThread "Worker-258"                        [_thread_blocked, id=68683, stack(0x0000000300834000,0x0000000300a37000) (2060K)]
  0x000000011998ea00 JavaThread "Compiler Source File Reader" daemon [_thread_blocked, id=84675, stack(0x0000000300e58000,0x000000030105b000) (2060K)]
  0x000000011995a400 JavaThread "Compiler Source File Reader" daemon [_thread_blocked, id=85015, stack(0x0000000301064000,0x0000000301267000) (2060K)]
  0x0000000118e2c200 JavaThread "Compiler Source File Reader" daemon [_thread_blocked, id=70487, stack(0x0000000301270000,0x0000000301473000) (2060K)]
  0x000000012ece1800 JavaThread "Compiler Source File Reader" daemon [_thread_blocked, id=81771, stack(0x000000030147c000,0x000000030167f000) (2060K)]
  0x000000012ee07e00 JavaThread "SIGTERM handler"            daemon [_thread_blocked, id=35079, stack(0x000000016f6ac000,0x000000016f8af000) (2060K)]
  0x000000013001f800 JavaThread "ForkJoinPool.commonPool-worker-957" daemon [_thread_blocked, id=52619, stack(0x000000016f8b8000,0x000000016fabb000) (2060K)]
  0x0000000119a95200 JavaThread "ForkJoinPool.commonPool-worker-958" daemon [_thread_blocked, id=53255, stack(0x000000016fdc4000,0x000000016ffc7000) (2060K)]
  0x0000000119a27800 JavaThread "ForkJoinPool.commonPool-worker-959" daemon [_thread_blocked, id=86535, stack(0x0000000300628000,0x000000030082b000) (2060K)]
  0x0000000119a28000 JavaThread "ForkJoinPool.commonPool-worker-960" daemon [_thread_blocked, id=83855, stack(0x0000000300a40000,0x0000000300c43000) (2060K)]
  0x0000000118a0a400 JavaThread "ForkJoinPool.commonPool-worker-961" daemon [_thread_blocked, id=56335, stack(0x0000000300c4c000,0x0000000300e4f000) (2060K)]
  0x00000001301d9a00 JavaThread "ForkJoinPool.commonPool-worker-962" daemon [_thread_blocked, id=68483, stack(0x0000000301688000,0x000000030188b000) (2060K)]
  0x000000012ece0a00 JavaThread "ForkJoinPool.commonPool-worker-963" daemon [_thread_blocked, id=83403, stack(0x0000000301894000,0x0000000301a97000) (2060K)]
Total: 41

Other Threads:
=>0x000000011880de00 VMThread "VM Thread"                           [id=17155, stack(0x000000016c35c000,0x000000016c55f000) (2060K)]
  0x000000011ff10830 WatcherThread "VM Periodic Task Thread"        [id=14087, stack(0x000000016c150000,0x000000016c353000) (2060K)]
  0x000000013001cc00 WorkerThread "GC Thread#0"                     [id=12547, stack(0x000000016bf44000,0x000000016c147000) (2060K)]
  0x0000000119109a00 WorkerThread "GC Thread#1"                     [id=26115, stack(0x000000016d8ec000,0x000000016daef000) (2060K)]
  0x000000013004a600 WorkerThread "GC Thread#2"                     [id=26371, stack(0x000000016daf8000,0x000000016dcfb000) (2060K)]
  0x000000013100d800 WorkerThread "GC Thread#3"                     [id=28675, stack(0x000000016dd04000,0x000000016df07000) (2060K)]
  0x0000000118080200 WorkerThread "GC Thread#4"                     [id=27907, stack(0x000000016e328000,0x000000016e52b000) (2060K)]
  0x0000000119811600 WorkerThread "GC Thread#5"                     [id=47883, stack(0x000000016e94c000,0x000000016eb4f000) (2060K)]
  0x000000011912d800 WorkerThread "GC Thread#6"                     [id=59395, stack(0x000000016ef70000,0x000000016f173000) (2060K)]
  0x00000001180abc00 WorkerThread "GC Thread#7"                     [id=58635, stack(0x000000016f388000,0x000000016f58b000) (2060K)]
Total: 10

Threads with active compile tasks:
Total: 0

VM state: at safepoint (normal execution)

VM Mutex/Monitor currently owned by a thread:  ([mutex/lock_event])
[0x000000010a3c9db0] DumpTimeTable_lock - owner thread: 0x000000011880de00
[0x000000010a3ca5b0] Threads_lock - owner thread: 0x000000011880de00
[0x000000010a3ca730] Heap_lock - owner thread: 0x000000012ee07e00

Heap address: 0x0000000780000000, size: 2048 MB, Compressed Oops mode: Zero based, Oop shift amount: 3

CDS archive(s) mapped at: [0x0000040000000000-0x0000040000d94000-0x0000040000d94000), size 14237696, SharedBaseAddress: 0x0000040000000000, ArchiveRelocationMode: 1.
Compressed class space mapped at: 0x0000040001000000-0x0000040041000000, reserved size: 1073741824
UseCompressedClassPointers 1, UseCompactObjectHeaders 0
Narrow klass pointer bits 32, Max shift 3
Narrow klass base: 0x0000040000000000, Narrow klass shift: 0
Encoding Range: [0x0000040000000000 - 0x0000040100000000), (4294967296 bytes)
Klass Range:    [0x0000040000004000 - 0x0000040041000000), (1090502656 bytes)
Klass ID Range:  [16384 - 1090519033) (1090502649)
Protection zone: [0x0000040000000000 - 0x0000040000004000), (16384 bytes)

GC Precious Log:
 CardTable entry size: 512
 CPUs: 8 total, 8 available
 Memory: 8192M
 Large Page Support: Disabled
 NUMA Support: Disabled
 Compressed Oops: Enabled (Zero based)
 Alignments: Space 512K, Generation 512K, Heap 8M
 Heap Min Capacity: 104M
 Heap Initial Capacity: 104M
 Heap Max Capacity: 2G
 Pre-touch: Disabled
 Parallel Workers: 8

Heap:
 PSYoungGen      total 115712K, used 22889K [0x00000007d5580000, 0x00000007dea80000, 0x0000000800000000)
  eden space 114688K, 19% used [0x00000007d5580000,0x00000007d6afa738,0x00000007dc580000)
  from space 1024K, 87% used [0x00000007de980000,0x00000007dea60000,0x00000007dea80000)
  to   space 2560K, 0% used [0x00000007de580000,0x00000007de580000,0x00000007de800000)
 ParOldGen       total 1316352K, used 1315980K [0x0000000780000000, 0x00000007d0580000, 0x00000007d5580000)
  object space 1316352K, 99% used [0x0000000780000000,0x00000007d0523288,0x00000007d0580000)

Card table byte_map: [0x0000000108800000,0x0000000108c00000] _byte_map_base: 0x0000000104c00000

Marking Bits: (ParMarkBitMap*) 0x000000010a354ef8
 Begin Bits: [0x000000010a894000, 0x000000010c894000)

Polling page: 0x00000001041dc000

Metaspace:
Metaspace        used 105148K, committed 107328K, reserved 1179648K
 class space     used 9045K, committed 9984K, reserved 1048576K

Usage:
  Non-class:     93.85 MB used.
      Class:      8.83 MB used.
       Both:    102.68 MB used.

Virtual space:
  Non-class space:      128.00 MB reserved,      95.06 MB ( 74%) committed,  2 nodes.
      Class space:        1.00 GB reserved,       9.75 MB ( <1%) committed,  1 nodes.
             Both:        1.12 GB reserved,     104.81 MB (  9%) committed. 

Chunk freelists:
   Non-Class:  904.00 KB
       Class:  6.19 MB
        Both:  7.07 MB

MaxMetaspaceSize: unlimited
CompressedClassSpaceSize: 1.00 GB
Initial GC threshold: 21.00 MB
Current GC threshold: 171.81 MB
CDS: on
 - commit_granule_bytes: 65536.
 - commit_granule_words: 8192.
 - virtual_space_node_default_size: 8388608.
 - enlarge_chunks_in_place: 1.
UseCompressedClassPointers 1, UseCompactObjectHeaders 0
Narrow klass pointer bits 32, Max shift 3
Narrow klass base: 0x0000040000000000, Narrow klass shift: 0
Encoding Range: [0x0000040000000000 - 0x0000040100000000), (4294967296 bytes)
Klass Range:    [0x0000040000004000 - 0x0000040041000000), (1090502656 bytes)
Klass ID Range:  [16384 - 1090519033) (1090502649)
Protection zone: [0x0000040000000000 - 0x0000040000004000), (16384 bytes)


Internal statistics:

num_allocs_failed_limit: 9.
num_arena_births: 2748.
num_arena_deaths: 470.
num_vsnodes_births: 3.
num_vsnodes_deaths: 0.
num_space_committed: 1686.
num_space_uncommitted: 6.
num_chunks_returned_to_freelist: 600.
num_chunks_taken_from_freelist: 8309.
num_chunk_merges: 154.
num_chunk_splits: 4839.
num_chunks_enlarged: 2651.
num_inconsistent_stats: 0.

CodeHeap 'non-profiled nmethods': size=120048Kb used=20079Kb max_used=21660Kb free=99968Kb
 bounds [0x0000000142460000, 0x00000001439a0000, 0x000000014999c000]
CodeHeap 'profiled nmethods': size=120016Kb used=31936Kb max_used=54945Kb free=88079Kb
 bounds [0x000000013a99c000, 0x000000013df5c000, 0x0000000141ed0000]
CodeHeap 'non-nmethods': size=5696Kb used=1518Kb max_used=1618Kb free=4177Kb
 bounds [0x0000000141ed0000, 0x0000000142140000, 0x0000000142460000]
CodeCache: size=245760Kb, used=53533Kb, max_used=78223Kb, free=192224Kb
 total_blobs=22200, nmethods=21269, adapters=835, full_count=0
Compilation: enabled, stopped_count=0, restarted_count=0

Compilation events (20 events):
Event: 399285.382 Thread 0x0000000118815400 63902       4       jdk.internal.classfile.impl.UnboundAttribute::<init> (10 bytes)
Event: 399285.382 Thread 0x0000000118010800 63903       3       jdk.internal.classfile.impl.DirectCodeBuilder::getfield (22 bytes)
Event: 399285.382 Thread 0x0000000118010800 nmethod 63903 0x000000013c2b4d48 code [0x000000013c2b4e40, 0x000000013c2b5360]
Event: 399285.382 Thread 0x0000000118815400 nmethod 63902 0x0000000143134a08 code [0x0000000143134b00, 0x0000000143134ba8]
Event: 399285.382 Thread 0x0000000118010800 63904       3       java.util.List::copyOf (5 bytes)
Event: 399285.382 Thread 0x0000000118010800 nmethod 63904 0x000000013b27f088 code [0x000000013b27f180, 0x000000013b27f2b8]
Event: 399285.383 Thread 0x0000000118815400 63905       4       java.lang.invoke.MethodType::changeReturnType (20 bytes)
Event: 399285.383 Thread 0x0000000118010800 63906       3       jdk.internal.classfile.impl.UnboundAttribute$UnboundExceptionsAttribute::attributeName (4 bytes)
Event: 399285.383 Thread 0x0000000118010800 nmethod 63906 0x000000013b29f748 code [0x000000013b29f840, 0x000000013b29f968]
Event: 399285.383 Thread 0x0000000118010800 63907       3       jdk.internal.classfile.impl.AbstractAttributeMapper$ExceptionsMapper::writeBody (10 bytes)
Event: 399285.383 Thread 0x0000000118010800 nmethod 63907 0x000000013dd6b888 code [0x000000013dd6b980, 0x000000013dd6bd18]
Event: 399285.383 Thread 0x0000000118010800 63908       3       jdk.internal.classfile.impl.AbstractAttributeMapper$ExceptionsMapper::writeBody (11 bytes)
Event: 399285.383 Thread 0x0000000118010800 nmethod 63908 0x000000013bca9348 code [0x000000013bca9440, 0x000000013bca9628]
Event: 399285.383 Thread 0x0000000118010800 63909       1       jdk.internal.classfile.impl.UnboundAttribute$UnboundExceptionsAttribute::exceptions (5 bytes)
Event: 399285.383 Thread 0x0000000118815400 nmethod 63905 0x000000014317e8c8 code [0x000000014317e9c0, 0x000000014317ead0]
Event: 399285.383 Thread 0x0000000118010800 nmethod 63909 0x000000014317e6c8 code [0x000000014317e7c0, 0x000000014317e8a0]
Event: 399285.383 Thread 0x0000000118010800 63910       3       java.lang.classfile.ClassBuilder::withField (32 bytes)
Event: 399285.383 Thread 0x0000000118010800 nmethod 63910 0x000000013b890608 code [0x000000013b890700, 0x000000013b890e90]
Event: 399285.384 Thread 0x0000000118815400 63911       4       jdk.internal.constant.MethodTypeDescImpl::ofValidated (27 bytes)
Event: 399285.385 Thread 0x0000000118815400 nmethod 63911 0x00000001431b53c8 code [0x00000001431b54c0, 0x00000001431b5638]

GC Heap Usage History (20 events):
Event: 399036.398 {heap Before GC invocations=3828 (full 13):
 PSYoungGen      total 74240K, used 74235K [0x00000007d5580000, 0x00000007dab80000, 0x0000000800000000)
  eden space 73728K, 100% used [0x00000007d5580000,0x00000007d9d80000,0x00000007d9d80000)
  from space 512K, 99% used [0x00000007dab00000,0x00000007dab7efe0,0x00000007dab80000)
  to   space 5120K, 0% used [0x00000007da180000,0x00000007da180000,0x00000007da680000)
 ParOldGen       total 1267200K, used 1266996K [0x0000000780000000, 0x00000007cd580000, 0x00000007dEvent: 399036.483 {heap After GC invocations=3828 (full 13):
 PSYoungGen      total 76288K, used 3616K [0x00000007d5580000, 0x00000007dab80000, 0x0000000800000000)
  eden space 71168K, 0% used [0x00000007d5580000,0x00000007d5580000,0x00000007d9b00000)
  from space 5120K, 70% used [0x00000007da180000,0x00000007da508000,0x00000007da680000)
  to   space 4096K, 0% used [0x00000007da780000,0x00000007da780000,0x00000007dab80000)
 ParOldGen       total 1267712K, used 1267347K [0x0000000780000000, 0x00000007cd600000, 0x00000007d558Event: 399036.673 {heap Before GC invocations=3829 (full 13):
 PSYoungGen      total 76288K, used 74784K [0x00000007d5580000, 0x00000007dab80000, 0x0000000800000000)
  eden space 71168K, 100% used [0x00000007d5580000,0x00000007d9b00000,0x00000007d9b00000)
  from space 5120K, 70% used [0x00000007da180000,0x00000007da508000,0x00000007da680000)
  to   space 4096K, 0% used [0x00000007da780000,0x00000007da780000,0x00000007dab80000)
 ParOldGen       total 1267712K, used 1267347K [0x0000000780000000, 0x00000007cd600000, 0x00000007Event: 399036.758 {heap After GC invocations=3829 (full 13):
 PSYoungGen      total 72704K, used 4080K [0x00000007d5580000, 0x00000007dad80000, 0x0000000800000000)
  eden space 68608K, 0% used [0x00000007d5580000,0x00000007d5580000,0x00000007d9880000)
  from space 4096K, 99% used [0x00000007da780000,0x00000007dab7c068,0x00000007dab80000)
  to   space 10752K, 0% used [0x00000007d9880000,0x00000007d9880000,0x00000007da300000)
 ParOldGen       total 1272832K, used 1272825K [0x0000000780000000, 0x00000007cdb00000, 0x00000007d55Event: 399036.876 {heap Before GC invocations=3830 (full 13):
 PSYoungGen      total 72704K, used 72688K [0x00000007d5580000, 0x00000007dad80000, 0x0000000800000000)
  eden space 68608K, 100% used [0x00000007d5580000,0x00000007d9880000,0x00000007d9880000)
  from space 4096K, 99% used [0x00000007da780000,0x00000007dab7c068,0x00000007dab80000)
  to   space 10752K, 0% used [0x00000007d9880000,0x00000007d9880000,0x00000007da300000)
 ParOldGen       total 1272832K, used 1272825K [0x0000000780000000, 0x00000007cdb00000, 0x0000000Event: 399036.945 {heap After GC invocations=3830 (full 13):
 PSYoungGen      total 79360K, used 5423K [0x00000007d5580000, 0x00000007db400000, 0x0000000800000000)
  eden space 68608K, 0% used [0x00000007d5580000,0x00000007d5580000,0x00000007d9880000)
  from space 10752K, 50% used [0x00000007d9880000,0x00000007d9dcbc80,0x00000007da300000)
  to   space 7168K, 0% used [0x00000007dad00000,0x00000007dad00000,0x00000007db400000)
 ParOldGen       total 1275904K, used 1275859K [0x0000000780000000, 0x00000007cde00000, 0x00000007d55Event: 399036.996 {heap Before GC invocations=3831 (full 13):
 PSYoungGen      total 79360K, used 74031K [0x00000007d5580000, 0x00000007db400000, 0x0000000800000000)
  eden space 68608K, 100% used [0x00000007d5580000,0x00000007d9880000,0x00000007d9880000)
  from space 10752K, 50% used [0x00000007d9880000,0x00000007d9dcbc80,0x00000007da300000)
  to   space 7168K, 0% used [0x00000007dad00000,0x00000007dad00000,0x00000007db400000)
 ParOldGen       total 1275904K, used 1275859K [0x0000000780000000, 0x00000007cde00000, 0x0000000Event: 399037.018 {heap After GC invocations=3831 (full 13):
 PSYoungGen      total 86016K, used 3471K [0x00000007d5580000, 0x00000007db080000, 0x0000000800000000)
  eden space 82432K, 0% used [0x00000007d5580000,0x00000007d5580000,0x00000007da600000)
  from space 3584K, 96% used [0x00000007dad00000,0x00000007db063c70,0x00000007db080000)
  to   space 4608K, 0% used [0x00000007da780000,0x00000007da780000,0x00000007dac00000)
 ParOldGen       total 1280000K, used 1279981K [0x0000000780000000, 0x00000007ce200000, 0x00000007d558Event: 399037.115 {heap Before GC invocations=3832 (full 13):
 PSYoungGen      total 86016K, used 85903K [0x00000007d5580000, 0x00000007db080000, 0x0000000800000000)
  eden space 82432K, 100% used [0x00000007d5580000,0x00000007da600000,0x00000007da600000)
  from space 3584K, 96% used [0x00000007dad00000,0x00000007db063c70,0x00000007db080000)
  to   space 4608K, 0% used [0x00000007da780000,0x00000007da780000,0x00000007dac00000)
 ParOldGen       total 1280000K, used 1279981K [0x0000000780000000, 0x00000007ce200000, 0x00000007Event: 399037.224 {heap After GC invocations=3832 (full 13):
 PSYoungGen      total 88576K, used 4597K [0x00000007d5580000, 0x00000007dc780000, 0x0000000800000000)
  eden space 83968K, 0% used [0x00000007d5580000,0x00000007d5580000,0x00000007da780000)
  from space 4608K, 99% used [0x00000007da780000,0x00000007dabfd430,0x00000007dac00000)
  to   space 8704K, 0% used [0x00000007dbf00000,0x00000007dbf00000,0x00000007dc780000)
 ParOldGen       total 1283584K, used 1283154K [0x0000000780000000, 0x00000007ce580000, 0x00000007d558Event: 399037.647 {heap Before GC invocations=3833 (full 13):
 PSYoungGen      total 88576K, used 88565K [0x00000007d5580000, 0x00000007dc780000, 0x0000000800000000)
  eden space 83968K, 100% used [0x00000007d5580000,0x00000007da780000,0x00000007da780000)
  from space 4608K, 99% used [0x00000007da780000,0x00000007dabfd430,0x00000007dac00000)
  to   space 8704K, 0% used [0x00000007dbf00000,0x00000007dbf00000,0x00000007dc780000)
 ParOldGen       total 1283584K, used 1283154K [0x0000000780000000, 0x00000007ce580000, 0x00000007Event: 399037.747 {heap After GC invocations=3833 (full 13):
 PSYoungGen      total 108032K, used 8308K [0x00000007d5580000, 0x00000007dc900000, 0x0000000800000000)
  eden space 99328K, 0% used [0x00000007d5580000,0x00000007d5580000,0x00000007db680000)
  from space 8704K, 95% used [0x00000007dbf00000,0x00000007dc71d2f0,0x00000007dc780000)
  to   space 8704K, 0% used [0x00000007db680000,0x00000007db680000,0x00000007dbf00000)
 ParOldGen       total 1286656K, used 1286293K [0x0000000780000000, 0x00000007ce880000, 0x00000007d55Event: 399038.022 {heap Before GC invocations=3834 (full 13):
 PSYoungGen      total 108032K, used 107636K [0x00000007d5580000, 0x00000007dc900000, 0x0000000800000000)
  eden space 99328K, 100% used [0x00000007d5580000,0x00000007db680000,0x00000007db680000)
  from space 8704K, 95% used [0x00000007dbf00000,0x00000007dc71d2f0,0x00000007dc780000)
  to   space 8704K, 0% used [0x00000007db680000,0x00000007db680000,0x00000007dbf00000)
 ParOldGen       total 1286656K, used 1286293K [0x0000000780000000, 0x00000007ce880000, 0x000000Event: 399038.155 {heap After GC invocations=3834 (full 13):
 PSYoungGen      total 108032K, used 8688K [0x00000007d5580000, 0x00000007def00000, 0x0000000800000000)
  eden space 99328K, 0% used [0x00000007d5580000,0x00000007d5580000,0x00000007db680000)
  from space 8704K, 99% used [0x00000007db680000,0x00000007dbefc1b8,0x00000007dbf00000)
  to   space 18944K, 0% used [0x00000007ddc80000,0x00000007ddc80000,0x00000007def00000)
 ParOldGen       total 1295360K, used 1294956K [0x0000000780000000, 0x00000007cf100000, 0x00000007d5Event: 399039.064 {heap Before GC invocations=3835 (full 13):
 PSYoungGen      total 108032K, used 98348K [0x00000007d5580000, 0x00000007def00000, 0x0000000800000000)
  eden space 99328K, 90% used [0x00000007d5580000,0x00000007dad0f140,0x00000007db680000)
  from space 8704K, 99% used [0x00000007db680000,0x00000007dbefc1b8,0x00000007dbf00000)
  to   space 18944K, 0% used [0x00000007ddc80000,0x00000007ddc80000,0x00000007def00000)
 ParOldGen       total 1295360K, used 1294956K [0x0000000780000000, 0x00000007cf100000, 0x0000000Event: 399039.247 {heap After GC invocations=3835 (full 13):
 PSYoungGen      total 138240K, used 17973K [0x00000007d5580000, 0x00000007def00000, 0x0000000800000000)
  eden space 119296K, 0% used [0x00000007d5580000,0x00000007d5580000,0x00000007dca00000)
  from space 18944K, 94% used [0x00000007ddc80000,0x00000007dee0d638,0x00000007def00000)
  to   space 18944K, 0% used [0x00000007dca00000,0x00000007dca00000,0x00000007ddc80000)
 ParOldGen       total 1311232K, used 1310342K [0x0000000780000000, 0x00000007d0080000, 0x0000000Event: 399039.884 {heap Before GC invocations=3836 (full 13):
 PSYoungGen      total 138240K, used 137269K [0x00000007d5580000, 0x00000007def00000, 0x0000000800000000)
  eden space 119296K, 100% used [0x00000007d5580000,0x00000007dca00000,0x00000007dca00000)
  from space 18944K, 94% used [0x00000007ddc80000,0x00000007dee0d638,0x00000007def00000)
  to   space 18944K, 0% used [0x00000007dca00000,0x00000007dca00000,0x00000007ddc80000)
 ParOldGen       total 1311232K, used 1310342K [0x0000000780000000, 0x00000007d0080000, 0x000Event: 399040.057 {heap After GC invocations=3836 (full 13):
 PSYoungGen      total 138240K, used 2319K [0x00000007d5580000, 0x00000007df180000, 0x0000000800000000)
  eden space 119296K, 0% used [0x00000007d5580000,0x00000007d5580000,0x00000007dca00000)
  from space 18944K, 12% used [0x00000007dca00000,0x00000007dcc43ea8,0x00000007ddc80000)
  to   space 8192K, 0% used [0x00000007de980000,0x00000007de980000,0x00000007df180000)
 ParOldGen       total 1315840K, used 1315732K [0x0000000780000000, 0x00000007d0500000, 0x00000007dEvent: 399284.837 {heap Before GC invocations=3837 (full 13):
 PSYoungGen      total 138240K, used 121615K [0x00000007d5580000, 0x00000007df180000, 0x0000000800000000)
  eden space 119296K, 100% used [0x00000007d5580000,0x00000007dca00000,0x00000007dca00000)
  from space 18944K, 12% used [0x00000007dca00000,0x00000007dcc43ea8,0x00000007ddc80000)
  to   space 8192K, 0% used [0x00000007de980000,0x00000007de980000,0x00000007df180000)
 ParOldGen       total 1315840K, used 1315732K [0x0000000780000000, 0x00000007d0500000, 0x0000Event: 399285.144 {heap After GC invocations=3837 (full 13):
 PSYoungGen      total 115712K, used 896K [0x00000007d5580000, 0x00000007dea80000, 0x0000000800000000)
  eden space 114688K, 0% used [0x00000007d5580000,0x00000007d5580000,0x00000007dc580000)
  from space 1024K, 87% used [0x00000007de980000,0x00000007dea60000,0x00000007dea80000)
  to   space 2560K, 0% used [0x00000007de580000,0x00000007de580000,0x00000007de800000)
 ParOldGen       total 1316352K, used 1315980K [0x0000000780000000, 0x00000007d0580000, 0x00000007d55
Metaspace Usage History (20 events):
Event: 399036.398 {metaspace Before GC invocations=3828 (full 13):
 Metaspace       used 104106K, committed 105792K, reserved 1179648K
  class space    used 8837K, committed 9600K, reserved 1048576K
}
Event: 399036.483 {metaspace After GC invocations=3828 (full 13):
 Metaspace       used 104106K, committed 105792K, reserved 1179648K
  class space    used 8837K, committed 9600K, reserved 1048576K
}
Event: 399036.673 {metaspace Before GC invocations=3829 (full 13):
 Metaspace       used 104106K, committed 105792K, reserved 1179648K
  class space    used 8837K, committed 9600K, reserved 1048576K
}
Event: 399036.758 {metaspace After GC invocations=3829 (full 13):
 Metaspace       used 104106K, committed 105792K, reserved 1179648K
  class space    used 8837K, committed 9600K, reserved 1048576K
}
Event: 399036.876 {metaspace Before GC invocations=3830 (full 13):
 Metaspace       used 104106K, committed 105792K, reserved 1179648K
  class space    used 8837K, committed 9600K, reserved 1048576K
}
Event: 399036.945 {metaspace After GC invocations=3830 (full 13):
 Metaspace       used 104106K, committed 105792K, reserved 1179648K
  class space    used 8837K, committed 9600K, reserved 1048576K
}
Event: 399036.996 {metaspace Before GC invocations=3831 (full 13):
 Metaspace       used 104106K, committed 105792K, reserved 1179648K
  class space    used 8837K, committed 9600K, reserved 1048576K
}
Event: 399037.018 {metaspace After GC invocations=3831 (full 13):
 Metaspace       used 104106K, committed 105792K, reserved 1179648K
  class space    used 8837K, committed 9600K, reserved 1048576K
}
Event: 399037.115 {metaspace Before GC invocations=3832 (full 13):
 Metaspace       used 104106K, committed 105792K, reserved 1179648K
  class space    used 8837K, committed 9600K, reserved 1048576K
}
Event: 399037.224 {metaspace After GC invocations=3832 (full 13):
 Metaspace       used 104106K, committed 105792K, reserved 1179648K
  class space    used 8837K, committed 9600K, reserved 1048576K
}
Event: 399037.647 {metaspace Before GC invocations=3833 (full 13):
 Metaspace       used 104106K, committed 105792K, reserved 1179648K
  class space    used 8837K, committed 9600K, reserved 1048576K
}
Event: 399037.747 {metaspace After GC invocations=3833 (full 13):
 Metaspace       used 104106K, committed 105792K, reserved 1179648K
  class space    used 8837K, committed 9600K, reserved 1048576K
}
Event: 399038.022 {metaspace Before GC invocations=3834 (full 13):
 Metaspace       used 104107K, committed 105792K, reserved 1179648K
  class space    used 8837K, committed 9600K, reserved 1048576K
}
Event: 399038.155 {metaspace After GC invocations=3834 (full 13):
 Metaspace       used 104107K, committed 105792K, reserved 1179648K
  class space    used 8837K, committed 9600K, reserved 1048576K
}
Event: 399039.064 {metaspace Before GC invocations=3835 (full 13):
 Metaspace       used 104107K, committed 105792K, reserved 1179648K
  class space    used 8837K, committed 9600K, reserved 1048576K
}
Event: 399039.247 {metaspace After GC invocations=3835 (full 13):
 Metaspace       used 104107K, committed 105792K, reserved 1179648K
  class space    used 8837K, committed 9600K, reserved 1048576K
}
Event: 399039.884 {metaspace Before GC invocations=3836 (full 13):
 Metaspace       used 104109K, committed 105792K, reserved 1179648K
  class space    used 8837K, committed 9600K, reserved 1048576K
}
Event: 399040.057 {metaspace After GC invocations=3836 (full 13):
 Metaspace       used 104109K, committed 105792K, reserved 1179648K
  class space    used 8837K, committed 9600K, reserved 1048576K
}
Event: 399284.837 {metaspace Before GC invocations=3837 (full 13):
 Metaspace       used 104506K, committed 106432K, reserved 1179648K
  class space    used 8917K, committed 9792K, reserved 1048576K
}
Event: 399285.144 {metaspace After GC invocations=3837 (full 13):
 Metaspace       used 104506K, committed 106432K, reserved 1179648K
  class space    used 8917K, committed 9792K, reserved 1048576K
}

Dll operation events (20 events):
Event: 0.331 Loaded shared library /opt/homebrew/Cellar/openjdk/25.0.1/libexec/openjdk.jdk/Contents/Home/lib/libzip.dylib
Event: 0.450 Loaded shared library /opt/homebrew/Cellar/openjdk/25.0.1/libexec/openjdk.jdk/Contents/Home/lib/libjimage.dylib
Event: 0.712 Loaded shared library /opt/homebrew/Cellar/openjdk/25.0.1/libexec/openjdk.jdk/Contents/Home/lib/libverify.dylib
Event: 0.784 Loaded shared library /opt/homebrew/Cellar/openjdk/25.0.1/libexec/openjdk.jdk/Contents/Home/lib/libnet.dylib
Event: 2.802 Loaded shared library /Users/fengjui/Library/Application Support/Code/User/globalStorage/redhat.java/1.51.2025120508/config_mac/org.eclipse.equinox.launcher/org.eclipse.equinox.launcher.cocoa.macosx.aarch64_1.2.1400.v20250801-0854/eclipse_11916.so
Event: 8.103 Loading shared library /opt/homebrew/Cellar/openjdk/25.0.1/libexec/openjdk.jdk/Contents/Home/lib/libunixfile_1_0_0.dylib failed, dlopen(/opt/homebrew/Cellar/openjdk/25.0.1/libexec/openjdk.jdk/Contents/Home/lib/libunixfile_1_0_0.dylib, 0x0001): tried: '/op
Event: 8.104 Loading shared library /opt/homebrew/Cellar/openjdk/25.0.1/libexec/openjdk.jdk/Contents/Home/lib/libunixfile_1_0_0.jnilib failed, dlopen(/opt/homebrew/Cellar/openjdk/25.0.1/libexec/openjdk.jdk/Contents/Home/lib/libunixfile_1_0_0.jnilib, 0x0001): tried: '/
Event: 8.104 Loading shared library /Users/fengjui/Library/Java/Extensions/libunixfile_1_0_0.dylib failed, dlopen(/Users/fengjui/Library/Java/Extensions/libunixfile_1_0_0.dylib, 0x0001): tried: '/Users/fengjui/Library/Java/Extensions/libunixfile_1_0_0.dylib' (no such 
Event: 8.104 Loading shared library /Users/fengjui/Library/Java/Extensions/libunixfile_1_0_0.jnilib failed, dlopen(/Users/fengjui/Library/Java/Extensions/libunixfile_1_0_0.jnilib, 0x0001): tried: '/Users/fengjui/Library/Java/Extensions/libunixfile_1_0_0.jnilib' (no su
Event: 8.104 Loading shared library /Library/Java/Extensions/libunixfile_1_0_0.dylib failed, dlopen(/Library/Java/Extensions/libunixfile_1_0_0.dylib, 0x0001): tried: '/Library/Java/Extensions/libunixfile_1_0_0.dylib' (no such file), '/System/Volumes/Preboot/Cryptexes/
Event: 8.104 Loading shared library /Library/Java/Extensions/libunixfile_1_0_0.jnilib failed, dlopen(/Library/Java/Extensions/libunixfile_1_0_0.jnilib, 0x0001): tried: '/Library/Java/Extensions/libunixfile_1_0_0.jnilib' (no such file), '/System/Volumes/Preboot/Cryptex
Event: 8.104 Loading shared library /Network/Library/Java/Extensions/libunixfile_1_0_0.dylib failed, dlopen(/Network/Library/Java/Extensions/libunixfile_1_0_0.dylib, 0x0001): tried: '/Network/Library/Java/Extensions/libunixfile_1_0_0.dylib' (no such file), '/System/Vo
Event: 8.104 Loading shared library /Network/Library/Java/Extensions/libunixfile_1_0_0.jnilib failed, dlopen(/Network/Library/Java/Extensions/libunixfile_1_0_0.jnilib, 0x0001): tried: '/Network/Library/Java/Extensions/libunixfile_1_0_0.jnilib' (no such file), '/System
Event: 8.104 Loading shared library /System/Library/Java/Extensions/libunixfile_1_0_0.dylib failed, dlopen(/System/Library/Java/Extensions/libunixfile_1_0_0.dylib, 0x0001): tried: '/System/Library/Java/Extensions/libunixfile_1_0_0.dylib' (no such file), '/System/Volum
Event: 8.104 Loading shared library /System/Library/Java/Extensions/libunixfile_1_0_0.jnilib failed, dlopen(/System/Library/Java/Extensions/libunixfile_1_0_0.jnilib, 0x0001): tried: '/System/Library/Java/Extensions/libunixfile_1_0_0.jnilib' (no such file), '/System/Vo
Event: 8.105 Loading shared library /usr/lib/java/libunixfile_1_0_0.dylib failed, dlopen(/usr/lib/java/libunixfile_1_0_0.dylib, 0x0001): tried: '/usr/lib/java/libunixfile_1_0_0.dylib' (no such file), '/System/Volumes/Preboot/Cryptexes/OS/usr/lib/java/libunixfile_1_0_0
Event: 8.105 Loading shared library /usr/lib/java/libunixfile_1_0_0.jnilib failed, dlopen(/usr/lib/java/libunixfile_1_0_0.jnilib, 0x0001): tried: '/usr/lib/java/libunixfile_1_0_0.jnilib' (no such file), '/System/Volumes/Preboot/Cryptexes/OS/usr/lib/java/libunixfile_1_
Event: 8.105 Loading shared library /Users/fengjui/DS_Project/libunixfile_1_0_0.dylib failed, dlopen(/Users/fengjui/DS_Project/libunixfile_1_0_0.dylib, 0x0001): tried: '/Users/fengjui/DS_Project/libunixfile_1_0_0.dylib' (no such file), '/System/Volumes/Preboot/Cryptex
Event: 8.105 Loading shared library /Users/fengjui/DS_Project/libunixfile_1_0_0.jnilib failed, dlopen(/Users/fengjui/DS_Project/libunixfile_1_0_0.jnilib, 0x0001): tried: '/Users/fengjui/DS_Project/libunixfile_1_0_0.jnilib' (no such file), '/System/Volumes/Preboot/Cryp
Event: 13.661 Loaded shared library /opt/homebrew/Cellar/openjdk/25.0.1/libexec/openjdk.jdk/Contents/Home/lib/libextnet.dylib

Deoptimization events (20 events):
Event: 399285.354 Thread 0x000000012ee07e00 Uncommon trap: trap_request=0xffffffd6 fr.pc=0x0000000142c4af00 relative=0x0000000000000440
Event: 399285.354 Thread 0x000000012ee07e00 Uncommon trap: reason=array_check action=maybe_recompile pc=0x0000000142c4af00 method=jdk.internal.classfile.impl.DirectClassBuilder.withMethod(Ljdk/internal/classfile/impl/Util$Writable;)Ljava/lang/classfile/ClassBuilder; @ 51 c2
Event: 399285.354 Thread 0x000000012ee07e00 DEOPT PACKING pc=0x0000000142c4af00 sp=0x000000016f8ad350
Event: 399285.354 Thread 0x000000012ee07e00 DEOPT UNPACKING pc=0x0000000141fd959c sp=0x000000016f8ad260 mode 2
Event: 399285.354 Thread 0x000000012ee07e00 Uncommon trap: trap_request=0xffffffd6 fr.pc=0x0000000142c4af00 relative=0x0000000000000440
Event: 399285.354 Thread 0x000000012ee07e00 Uncommon trap: reason=array_check action=maybe_recompile pc=0x0000000142c4af00 method=jdk.internal.classfile.impl.DirectClassBuilder.withMethod(Ljdk/internal/classfile/impl/Util$Writable;)Ljava/lang/classfile/ClassBuilder; @ 51 c2
Event: 399285.354 Thread 0x000000012ee07e00 DEOPT PACKING pc=0x0000000142c4af00 sp=0x000000016f8ad350
Event: 399285.354 Thread 0x000000012ee07e00 DEOPT UNPACKING pc=0x0000000141fd959c sp=0x000000016f8ad260 mode 2
Event: 399285.354 Thread 0x000000012ee07e00 Uncommon trap: trap_request=0xffffffd6 fr.pc=0x0000000142c4af00 relative=0x0000000000000440
Event: 399285.354 Thread 0x000000012ee07e00 Uncommon trap: reason=array_check action=maybe_recompile pc=0x0000000142c4af00 method=jdk.internal.classfile.impl.DirectClassBuilder.withMethod(Ljdk/internal/classfile/impl/Util$Writable;)Ljava/lang/classfile/ClassBuilder; @ 51 c2
Event: 399285.354 Thread 0x000000012ee07e00 DEOPT PACKING pc=0x0000000142c4af00 sp=0x000000016f8ad350
Event: 399285.354 Thread 0x000000012ee07e00 DEOPT UNPACKING pc=0x0000000141fd959c sp=0x000000016f8ad260 mode 2
Event: 399285.354 Thread 0x000000012ee07e00 Uncommon trap: trap_request=0xffffffd6 fr.pc=0x0000000142c4af00 relative=0x0000000000000440
Event: 399285.354 Thread 0x000000012ee07e00 Uncommon trap: reason=array_check action=maybe_recompile pc=0x0000000142c4af00 method=jdk.internal.classfile.impl.DirectClassBuilder.withMethod(Ljdk/internal/classfile/impl/Util$Writable;)Ljava/lang/classfile/ClassBuilder; @ 51 c2
Event: 399285.354 Thread 0x000000012ee07e00 DEOPT PACKING pc=0x0000000142c4af00 sp=0x000000016f8ad350
Event: 399285.354 Thread 0x000000012ee07e00 DEOPT UNPACKING pc=0x0000000141fd959c sp=0x000000016f8ad260 mode 2
Event: 399285.355 Thread 0x000000012ee07e00 Uncommon trap: trap_request=0xffffffd6 fr.pc=0x000000014301fb6c relative=0x000000000000026c
Event: 399285.355 Thread 0x000000012ee07e00 Uncommon trap: reason=array_check action=maybe_recompile pc=0x000000014301fb6c method=jdk.internal.classfile.impl.DirectClassBuilder.withMethod(Ljdk/internal/classfile/impl/Util$Writable;)Ljava/lang/classfile/ClassBuilder; @ 51 c2
Event: 399285.355 Thread 0x000000012ee07e00 DEOPT PACKING pc=0x000000014301fb6c sp=0x000000016f8acfc0
Event: 399285.355 Thread 0x000000012ee07e00 DEOPT UNPACKING pc=0x0000000141fd959c sp=0x000000016f8acf60 mode 2

Classes loaded (20 events):
Event: 229343.739 Loading class jdk/internal/module/IllegalAccessLogger
Event: 229343.740 Loading class jdk/internal/module/IllegalAccessLogger done
Event: 229661.318 Loading class jdk/internal/module/IllegalAccessLogger
Event: 229661.319 Loading class jdk/internal/module/IllegalAccessLogger done
Event: 229914.755 Loading class jdk/internal/module/IllegalAccessLogger
Event: 229914.756 Loading class jdk/internal/module/IllegalAccessLogger done
Event: 231246.324 Loading class jdk/internal/module/IllegalAccessLogger
Event: 231246.324 Loading class jdk/internal/module/IllegalAccessLogger done
Event: 399037.552 Loading class jdk/internal/module/IllegalAccessLogger
Event: 399037.553 Loading class jdk/internal/module/IllegalAccessLogger done
Event: 399282.281 Loading class jdk/internal/misc/Signal$1
Event: 399282.318 Loading class jdk/internal/misc/Signal$1 done
Event: 399284.649 Loading class java/lang/invoke/GenerateJLIClassesHelper
Event: 399284.671 Loading class java/lang/invoke/GenerateJLIClassesHelper done
Event: 399284.671 Loading class java/lang/invoke/GenerateJLIClassesHelper$HolderClassBuilder
Event: 399284.678 Loading class java/lang/invoke/GenerateJLIClassesHelper$HolderClassBuilder done
Event: 399285.188 Loading class java/lang/invoke/BoundMethodHandle$Species_J
Event: 399285.190 Loading class java/lang/invoke/BoundMethodHandle$Species_J done
Event: 399285.313 Loading class java/lang/invoke/BoundMethodHandle$Species_F
Event: 399285.313 Loading class java/lang/invoke/BoundMethodHandle$Species_F done

Classes unloaded (20 events):
Event: 133457.161 Thread 0x000000011880de00 Unloading class 0x000004000191a000 'java/lang/invoke/LambdaForm$MH+0x000004000191a000'
Event: 133457.161 Thread 0x000000011880de00 Unloading class 0x0000040001920400 'java/lang/invoke/LambdaForm$MH+0x0000040001920400'
Event: 133457.161 Thread 0x000000011880de00 Unloading class 0x0000040001932800 'java/lang/invoke/LambdaForm$MH+0x0000040001932800'
Event: 133457.162 Thread 0x000000011880de00 Unloading class 0x000004000188f400 'java/lang/invoke/LambdaForm$BMH+0x000004000188f400'
Event: 176762.972 Thread 0x000000011880de00 Unloading class 0x0000040001921400 'java/lang/invoke/LambdaForm$MH+0x0000040001921400'
Event: 176762.972 Thread 0x000000011880de00 Unloading class 0x000004000188f400 'java/lang/invoke/LambdaForm$MH+0x000004000188f400'
Event: 176762.972 Thread 0x000000011880de00 Unloading class 0x0000040001961c00 'java/lang/invoke/LambdaForm$MH+0x0000040001961c00'
Event: 176762.972 Thread 0x000000011880de00 Unloading class 0x00000400011e2400 'java/lang/invoke/LambdaForm$MH+0x00000400011e2400'
Event: 202618.838 Thread 0x000000011880de00 Unloading class 0x0000040001963800 'java/lang/invoke/LambdaForm$MH+0x0000040001963800'
Event: 202618.838 Thread 0x000000011880de00 Unloading class 0x0000040001961c00 'java/lang/invoke/LambdaForm$MH+0x0000040001961c00'
Event: 202618.839 Thread 0x000000011880de00 Unloading class 0x000004000188a000 'java/lang/invoke/LambdaForm$MH+0x000004000188a000'
Event: 202618.839 Thread 0x000000011880de00 Unloading class 0x00000400011e2c00 'java/lang/invoke/LambdaForm$MH+0x00000400011e2c00'
Event: 202618.840 Thread 0x000000011880de00 Unloading class 0x00000400011ed000 'java/lang/invoke/LambdaForm$DMH+0x00000400011ed000'
Event: 202618.840 Thread 0x000000011880de00 Unloading class 0x00000400011ee000 'java/lang/invoke/LambdaForm$DMH+0x00000400011ee000'
Event: 202618.840 Thread 0x000000011880de00 Unloading class 0x00000400011f1000 'java/lang/invoke/LambdaForm$DMH+0x00000400011f1000'
Event: 202618.841 Thread 0x000000011880de00 Unloading class 0x0000040001439400 'java/lang/invoke/LambdaForm$DMH+0x0000040001439400'
Event: 202618.841 Thread 0x000000011880de00 Unloading class 0x00000400016f8400 'java/lang/invoke/LambdaForm$DMH+0x00000400016f8400'
Event: 202618.841 Thread 0x000000011880de00 Unloading class 0x00000400016f8800 'java/lang/invoke/LambdaForm$DMH+0x00000400016f8800'
Event: 202618.841 Thread 0x000000011880de00 Unloading class 0x000004000188f800 'java/lang/invoke/LambdaForm$MH+0x000004000188f800'
Event: 202618.841 Thread 0x000000011880de00 Unloading class 0x0000040001891c00 'java/lang/invoke/LambdaForm$MH+0x0000040001891c00'

Classes redefined (0 events):
No events

Internal exceptions (20 events):
Event: 399285.359 Thread 0x000000012ee07e00 Exception <a 'java/lang/NoSuchMethodError'{0x00000007d6669558}: 'void java.lang.invoke.Invokers$Holder.invoke_MT(java.lang.Object, java.lang.Object, long, java.lang.Object)'> (0x00000007d6669558) 
thrown [src/hotspot/share/interpreter/linkResolver.cpp, line 804]
Event: 399285.359 Thread 0x000000012ee07e00 Exception <a 'java/lang/NoSuchMethodError'{0x00000007d6671930}: 'int java.lang.invoke.Invokers$Holder.invoke_MT(java.lang.Object, java.lang.Object)'> (0x00000007d6671930) 
thrown [src/hotspot/share/interpreter/linkResolver.cpp, line 804]
Event: 399285.359 Thread 0x000000012ee07e00 Exception <a 'java/lang/NoSuchMethodError'{0x00000007d6679d50}: 'long java.lang.invoke.Invokers$Holder.invoke_MT(java.lang.Object, java.lang.Object)'> (0x00000007d6679d50) 
thrown [src/hotspot/share/interpreter/linkResolver.cpp, line 804]
Event: 399285.362 Thread 0x000000012ee07e00 Exception <a 'java/lang/NoSuchMethodError'{0x00000007d6686338}: 'java.lang.Object java.lang.invoke.Invokers$Holder.linkToCallSite(int, int, int, java.lang.Object)'> (0x00000007d6686338) 
thrown [src/hotspot/share/interpreter/linkResolver.cpp, line 804]
Event: 399285.362 Thread 0x000000012ee07e00 Exception <a 'java/lang/NoSuchMethodError'{0x00000007d668ee28}: 'java.lang.Object java.lang.invoke.Invokers$Holder.linkToCallSite(int, long, java.lang.Object)'> (0x00000007d668ee28) 
thrown [src/hotspot/share/interpreter/linkResolver.cpp, line 804]
Event: 399285.362 Thread 0x000000012ee07e00 Exception <a 'java/lang/NoSuchMethodError'{0x00000007d6697620}: 'java.lang.Object java.lang.invoke.Invokers$Holder.linkToCallSite(int, java.lang.Object, java.lang.Object, java.lang.Object)'> (0x00000007d6697620) 
thrown [src/hotspot/share/interpreter/linkResolver.cpp, line 804]
Event: 399285.363 Thread 0x000000012ee07e00 Exception <a 'java/lang/NoSuchMethodError'{0x00000007d669f9b0}: 'java.lang.Object java.lang.invoke.Invokers$Holder.linkToCallSite(int, java.lang.Object, java.lang.Object, java.lang.Object, java.lang.Object)'> (0x00000007d669f9b0) 
thrown [src/hotspot/share/interpreter/linkResolver.cpp, line 804]
Event: 399285.363 Thread 0x000000012ee07e00 Exception <a 'java/lang/NoSuchMethodError'{0x00000007d66acea8}: 'java.lang.Object java.lang.invoke.Invokers$Holder.linkToCallSite(java.lang.Object, java.lang.Object, java.lang.Object, int, java.lang.Object, java.lang.Object, java.lang.Object)'> (0x00000007d66acea8) 
thrown [src/hotspot/share/interpreter/linkResolver.cpp, line 804]
Event: 399285.363 Thread 0x000000012ee07e00 Exception <a 'java/lang/NoSuchMethodError'{0x00000007d66b5428}: 'java.lang.Object java.lang.invoke.Invokers$Holder.linkToCallSite(java.lang.Object, java.lang.Object, java.lang.Object, int, java.lang.Object, java.lang.Object)'> (0x00000007d66b5428) 
thrown [src/hotspot/share/interpreter/linkResolver.cpp, line 804]
Event: 399285.364 Thread 0x000000012ee07e00 Exception <a 'java/lang/NoSuchMethodError'{0x00000007d66c1e30}: 'java.lang.Object java.lang.invoke.Invokers$Holder.linkToCallSite(java.lang.Object, java.lang.Object, java.lang.Object, java.lang.Object, java.lang.Object, java.lang.Object, java.lang.Object, java.lang.Object, java.lang.Object, int, java.lang.Object, java.lang.Object, java.lang.Object, java.lang.Object)'> (0x00000007d66c1e30) 
thrown [src/hotspot/share/interpreter/linkResolver.cpp, line 804]
Event: 399285.364 Thread 0x000000012ee07e00 Exception <a 'java/lang/NoSuchMethodError'{0x00000007d66cd760}: 'java.lang.Object java.lang.invoke.Invokers$Holder.linkToCallSite(java.lang.Object, int, int, java.lang.Object, java.lang.Object)'> (0x00000007d66cd760) 
thrown [src/hotspot/share/interpreter/linkResolver.cpp, line 804]
Event: 399285.364 Thread 0x000000012ee07e00 Exception <a 'java/lang/NoSuchMethodError'{0x00000007d66d5a98}: 'java.lang.Object java.lang.invoke.Invokers$Holder.linkToCallSite(java.lang.Object, int, java.lang.Object, java.lang.Object, java.lang.Object)'> (0x00000007d66d5a98) 
thrown [src/hotspot/share/interpreter/linkResolver.cpp, line 804]
Event: 399285.364 Thread 0x000000012ee07e00 Exception <a 'java/lang/NoSuchMethodError'{0x00000007d66df348}: 'java.lang.Object java.lang.invoke.Invokers$Holder.linkToCallSite(java.lang.Object, int, java.lang.Object, java.lang.Object, java.lang.Object, java.lang.Object, java.lang.Object)'> (0x00000007d66df348) 
thrown [src/hotspot/share/interpreter/linkResolver.cpp, line 804]
Event: 399285.364 Thread 0x000000012ee07e00 Exception <a 'java/lang/NoSuchMethodError'{0x00000007d66e78b8}: 'java.lang.Object java.lang.invoke.Invokers$Holder.linkToCallSite(java.lang.Object, int, java.lang.Object, int, java.lang.Object, java.lang.Object)'> (0x00000007d66e78b8) 
thrown [src/hotspot/share/interpreter/linkResolver.cpp, line 804]
Event: 399285.364 Thread 0x000000012ee07e00 Exception <a 'java/lang/NoSuchMethodError'{0x00000007d66efc40}: 'java.lang.Object java.lang.invoke.Invokers$Holder.linkToCallSite(java.lang.Object, int, java.lang.Object, java.lang.Object)'> (0x00000007d66efc40) 
thrown [src/hotspot/share/interpreter/linkResolver.cpp, line 804]
Event: 399285.364 Thread 0x000000012ee07e00 Exception <a 'java/lang/NoSuchMethodError'{0x00000007d66f9058}: 'java.lang.Object java.lang.invoke.Invokers$Holder.linkToCallSite(java.lang.Object, long, java.lang.Object, java.lang.Object)'> (0x00000007d66f9058) 
thrown [src/hotspot/share/interpreter/linkResolver.cpp, line 804]
Event: 399285.364 Thread 0x000000012ee07e00 Exception <a 'java/lang/NoSuchMethodError'{0x00000007d6701320}: 'java.lang.Object java.lang.invoke.Invokers$Holder.linkToCallSite(java.lang.Object, long, java.lang.Object)'> (0x00000007d6701320) 
thrown [src/hotspot/share/interpreter/linkResolver.cpp, line 804]
Event: 399285.364 Thread 0x000000012ee07e00 Exception <a 'java/lang/NoSuchMethodError'{0x00000007d67095a0}: 'java.lang.Object java.lang.invoke.Invokers$Holder.linkToCallSite(java.lang.Object, java.lang.Object, int, java.lang.Object, java.lang.Object)'> (0x00000007d67095a0) 
thrown [src/hotspot/share/interpreter/linkResolver.cpp, line 804]
Event: 399285.364 Thread 0x000000012ee07e00 Exception <a 'java/lang/NoSuchMethodError'{0x00000007d6711e48}: 'java.lang.Object java.lang.invoke.Invokers$Holder.linkToCallSite(java.lang.Object, java.lang.Object, int, java.lang.Object)'> (0x00000007d6711e48) 
thrown [src/hotspot/share/interpreter/linkResolver.cpp, line 804]
Event: 399285.364 Thread 0x000000012ee07e00 Exception <a 'java/lang/NoSuchMethodError'{0x00000007d671a120}: 'java.lang.Object java.lang.invoke.Invokers$Holder.linkToCallSite(java.lang.Object, java.lang.Object, long, java.lang.Object)'> (0x00000007d671a120) 
thrown [src/hotspot/share/interpreter/linkResolver.cpp, line 804]

VM Operations (20 events):
Event: 399078.496 Executing non-safepoint VM operation: RendezvousGCThreads done
Event: 399284.085 Executing non-safepoint VM operation: HandshakeAllThreads (Deoptimize)
Event: 399284.089 Executing non-safepoint VM operation: HandshakeAllThreads (Deoptimize) done
Event: 399284.145 Executing non-safepoint VM operation: HandshakeAllThreads (Deoptimize)
Event: 399284.146 Executing non-safepoint VM operation: HandshakeAllThreads (Deoptimize) done
Event: 399284.209 Executing non-safepoint VM operation: HandshakeAllThreads (Deoptimize)
Event: 399284.209 Executing non-safepoint VM operation: HandshakeAllThreads (Deoptimize) done
Event: 399284.224 Executing non-safepoint VM operation: HandshakeAllThreads (Deoptimize)
Event: 399284.224 Executing non-safepoint VM operation: HandshakeAllThreads (Deoptimize) done
Event: 399284.234 Executing non-safepoint VM operation: HandshakeAllThreads (Deoptimize)
Event: 399284.234 Executing non-safepoint VM operation: HandshakeAllThreads (Deoptimize) done
Event: 399284.345 Executing non-safepoint VM operation: HandshakeAllThreads (Deoptimize)
Event: 399284.345 Executing non-safepoint VM operation: HandshakeAllThreads (Deoptimize) done
Event: 399284.431 Executing non-safepoint VM operation: HandshakeAllThreads (Deoptimize)
Event: 399284.431 Executing non-safepoint VM operation: HandshakeAllThreads (Deoptimize) done
Event: 399284.484 Executing non-safepoint VM operation: HandshakeAllThreads (Deoptimize)
Event: 399284.484 Executing non-safepoint VM operation: HandshakeAllThreads (Deoptimize) done
Event: 399284.837 Executing safepoint VM operation: ParallelCollectForAllocation (Allocation Failure)
Event: 399285.144 Executing safepoint VM operation: ParallelCollectForAllocation (Allocation Failure) done
Event: 399285.389 Executing safepoint VM operation: PopulateDumpSharedSpace

Memory protections (20 events):
Event: 399036.645 Protecting memory [0x0000000301270000,0x000000030127c000] with protection modes 0
Event: 399036.646 Protecting memory [0x000000030147c000,0x0000000301488000] with protection modes 0
Event: 399098.296 Protecting memory [0x0000000300628000,0x0000000300634000] with protection modes 3
Event: 399099.613 Protecting memory [0x000000016fdc4000,0x000000016fdd0000] with protection modes 3
Event: 399099.696 Protecting memory [0x000000016f6ac000,0x000000016f6b8000] with protection modes 3
Event: 399105.241 Protecting memory [0x0000000300a40000,0x0000000300a4c000] with protection modes 3
Event: 399105.262 Protecting memory [0x000000016f8b8000,0x000000016f8c4000] with protection modes 3
Event: 399105.286 Protecting memory [0x0000000300c4c000,0x0000000300c58000] with protection modes 3
Event: 399282.344 Protecting memory [0x000000016f6ac000,0x000000016f6b8000] with protection modes 0
Event: 399282.448 Protecting memory [0x000000016f8b8000,0x000000016f8c4000] with protection modes 0
Event: 399282.449 Protecting memory [0x000000016f8b8000,0x000000016f8c4000] with protection modes 3
Event: 399282.450 Protecting memory [0x000000016fdc4000,0x000000016fdd0000] with protection modes 0
Event: 399282.462 Protecting memory [0x000000016fdc4000,0x000000016fdd0000] with protection modes 3
Event: 399283.039 Protecting memory [0x000000016f8b8000,0x000000016f8c4000] with protection modes 0
Event: 399283.068 Protecting memory [0x000000016fdc4000,0x000000016fdd0000] with protection modes 0
Event: 399283.074 Protecting memory [0x0000000300628000,0x0000000300634000] with protection modes 0
Event: 399283.075 Protecting memory [0x0000000300a40000,0x0000000300a4c000] with protection modes 0
Event: 399283.076 Protecting memory [0x0000000300c4c000,0x0000000300c58000] with protection modes 0
Event: 399283.076 Protecting memory [0x0000000301688000,0x0000000301694000] with protection modes 0
Event: 399283.079 Protecting memory [0x0000000301894000,0x00000003018a0000] with protection modes 0

Nmethod flushes (20 events):
Event: 202619.835 Thread 0x000000011880de00 flushing  nmethod 0x000000013dcd0c48
Event: 202619.835 Thread 0x000000011880de00 flushing  nmethod 0x000000013dcfc888
Event: 202619.835 Thread 0x000000011880de00 flushing  nmethod 0x000000013dd07248
Event: 202619.835 Thread 0x000000011880de00 flushing  nmethod 0x000000013dd19308
Event: 202619.835 Thread 0x000000011880de00 flushing  nmethod 0x000000013dd66848
Event: 202619.835 Thread 0x000000011880de00 flushing  nmethod 0x000000013dd6a588
Event: 202619.835 Thread 0x000000011880de00 flushing  nmethod 0x000000013dd6b888
Event: 202619.835 Thread 0x000000011880de00 flushing  nmethod 0x000000013ddd1108
Event: 202619.835 Thread 0x000000011880de00 flushing  nmethod 0x000000013ddf3188
Event: 202619.835 Thread 0x000000011880de00 flushing  nmethod 0x000000013ddf5588
Event: 202619.835 Thread 0x000000011880de00 flushing  nmethod 0x000000013de4c488
Event: 202619.835 Thread 0x000000011880de00 flushing  nmethod 0x000000013de68b48
Event: 202619.835 Thread 0x000000011880de00 flushing  nmethod 0x000000013de8be08
Event: 202619.835 Thread 0x000000011880de00 flushing  nmethod 0x000000013de8c948
Event: 202619.835 Thread 0x000000011880de00 flushing  nmethod 0x000000013deb4648
Event: 202619.835 Thread 0x000000011880de00 flushing  nmethod 0x000000013debda88
Event: 202619.835 Thread 0x000000011880de00 flushing  nmethod 0x000000013df07b08
Event: 202619.835 Thread 0x000000011880de00 flushing  nmethod 0x000000013df40c08
Event: 202619.835 Thread 0x000000011880de00 flushing  nmethod 0x000000013df41508
Event: 202619.835 Thread 0x000000011880de00 flushing  nmethod 0x000000013df4c5c8

Events (20 events):
Event: 399036.646 Thread 0x0000000128c36e00 Thread added: 0x000000012ece1800
Event: 399098.305 Thread 0x000000012ee82000 Thread exited: 0x000000012ee82000
Event: 399099.619 Thread 0x0000000128dbae00 Thread exited: 0x0000000128dbae00
Event: 399099.698 Thread 0x00000001288c8400 Thread exited: 0x00000001288c8400
Event: 399105.242 Thread 0x00000001289e0600 Thread exited: 0x00000001289e0600
Event: 399105.262 Thread 0x000000012d429200 Thread exited: 0x000000012d429200
Event: 399105.287 Thread 0x000000012d2f8a00 Thread exited: 0x000000012d2f8a00
Event: 399282.343 Thread 0x000000013100e600 Thread added: 0x000000012ee07e00
Event: 399282.448 Thread 0x000000012ee07e00 Thread added: 0x000000013001f800
Event: 399282.450 Thread 0x000000012ee07e00 Thread added: 0x0000000119a95200
Event: 399282.450 Thread 0x000000013001f800 Thread exited: 0x000000013001f800
Event: 399282.462 Thread 0x0000000119a95200 Thread exited: 0x0000000119a95200
Event: 399282.470 Thread 0x000000012ee07e00 Before exit entered
Event: 399283.039 Thread 0x0000000118084c00 Thread added: 0x000000013001f800
Event: 399283.068 Thread 0x0000000118084c00 Thread added: 0x0000000119a95200
Event: 399283.074 Thread 0x0000000118084c00 Thread added: 0x0000000119a27800
Event: 399283.075 Thread 0x0000000118084c00 Thread added: 0x0000000119a28000
Event: 399283.076 Thread 0x0000000118084c00 Thread added: 0x0000000118a0a400
Event: 399283.076 Thread 0x0000000118084c00 Thread added: 0x00000001301d9a00
Event: 399283.079 Thread 0x0000000118084c00 Thread added: 0x000000012ece0a00


Dynamic libraries:
0x000000010418c000 	/opt/homebrew/Cellar/openjdk/25.0.1/libexec/openjdk.jdk/Contents/Home/lib/libjli.dylib
0x00000001a1590000 	/usr/lib/libz.1.dylib
0x00000001a164d000 	/usr/lib/libSystem.B.dylib
0x00000001a1647000 	/usr/lib/system/libcache.dylib
0x00000001a1600000 	/usr/lib/system/libcommonCrypto.dylib
0x00000001a162d000 	/usr/lib/system/libcompiler_rt.dylib
0x00000001a1622000 	/usr/lib/system/libcopyfile.dylib
0x00000001938f4000 	/usr/lib/system/libcorecrypto.dylib
0x00000001939d8000 	/usr/lib/system/libdispatch.dylib
0x0000000193b95000 	/usr/lib/system/libdyld.dylib
0x00000001a163d000 	/usr/lib/system/libkeymgr.dylib
0x00000001a15de000 	/usr/lib/system/libmacho.dylib
0x00000001a0a32000 	/usr/lib/system/libquarantine.dylib
0x00000001a163a000 	/usr/lib/system/libremovefile.dylib
0x00000001996e7000 	/usr/lib/system/libsystem_asl.dylib
0x0000000193889000 	/usr/lib/system/libsystem_blocks.dylib
0x0000000193a22000 	/usr/lib/system/libsystem_c.dylib
0x00000001a1631000 	/usr/lib/system/libsystem_collections.dylib
0x000000019fb27000 	/usr/lib/system/libsystem_configuration.dylib
0x000000019e8ee000 	/usr/lib/system/libsystem_containermanager.dylib
0x00000001a1137000 	/usr/lib/system/libsystem_coreservices.dylib
0x0000000197293000 	/usr/lib/system/libsystem_darwin.dylib
0x000000026e9d4000 	/usr/lib/system/libsystem_darwindirectory.dylib
0x00000001a163e000 	/usr/lib/system/libsystem_dnssd.dylib
0x000000026e9d8000 	/usr/lib/system/libsystem_eligibility.dylib
0x0000000193a1f000 	/usr/lib/system/libsystem_featureflags.dylib
0x0000000193bc8000 	/usr/lib/system/libsystem_info.dylib
0x00000001a159f000 	/usr/lib/system/libsystem_m.dylib
0x0000000193997000 	/usr/lib/system/libsystem_malloc.dylib
0x0000000199651000 	/usr/lib/system/libsystem_networkextension.dylib
0x00000001976f6000 	/usr/lib/system/libsystem_notify.dylib
0x000000019fb2c000 	/usr/lib/system/libsystem_sandbox.dylib
0x000000026e9df000 	/usr/lib/system/libsystem_sanitizers.dylib
0x00000001a1636000 	/usr/lib/system/libsystem_secinit.dylib
0x0000000193b4d000 	/usr/lib/system/libsystem_kernel.dylib
0x0000000193bc0000 	/usr/lib/system/libsystem_platform.dylib
0x0000000193b88000 	/usr/lib/system/libsystem_pthread.dylib
0x000000019b1d2000 	/usr/lib/system/libsystem_symptoms.dylib
0x00000001938d8000 	/usr/lib/system/libsystem_trace.dylib
0x00000001a160e000 	/usr/lib/system/libunwind.dylib
0x000000019388d000 	/usr/lib/system/libxpc.dylib
0x00000001937b4000 	/usr/lib/libobjc.A.dylib
0x0000000193bf8000 	/System/Library/Frameworks/CoreFoundation.framework/Versions/A/CoreFoundation
0x00000001a47ea000 	/usr/lib/swift/libswiftCore.dylib
0x0000000193b32000 	/usr/lib/libc++abi.dylib
0x00000001a161a000 	/usr/lib/liboah.dylib
0x0000000193aa4000 	/usr/lib/libc++.1.dylib
0x0000000194dd8000 	/System/Library/Frameworks/Foundation.framework/Versions/C/Foundation
0x00000001ad273000 	/usr/lib/swift/libswiftObjectiveC.dylib
0x0000000197594000 	/System/Library/PrivateFrameworks/CoreServicesInternal.framework/Versions/A/CoreServicesInternal
0x00000001a164f000 	/usr/lib/libfakelink.dylib
0x0000000196fcf000 	/usr/lib/libicucore.A.dylib
0x00000001a1652000 	/System/Library/PrivateFrameworks/SoftLinking.framework/Versions/A/SoftLinking
0x00000001a8caa000 	/System/Library/Frameworks/CoreServices.framework/Versions/A/CoreServices
0x0000000196be4000 	/System/Library/Frameworks/Security.framework/Versions/A/Security
0x0000000197615000 	/System/Library/Frameworks/IOKit.framework/Versions/A/IOKit
0x00000001ac7c7000 	/System/Library/PrivateFrameworks/DiskImages.framework/Versions/A/DiskImages
0x00000001b8776000 	/System/Library/Frameworks/NetFS.framework/Versions/A/NetFS
0x000000019928a000 	/System/Library/Frameworks/CFNetwork.framework/Versions/A/CFNetwork
0x000000019cd94000 	/System/Library/Frameworks/CoreServices.framework/Versions/A/Frameworks/FSEvents.framework/Versions/A/FSEvents
0x000000019729e000 	/System/Library/Frameworks/CoreServices.framework/Versions/A/Frameworks/CarbonCore.framework/Versions/A/CarbonCore
0x000000019c266000 	/System/Library/Frameworks/CoreServices.framework/Versions/A/Frameworks/Metadata.framework/Versions/A/Metadata
0x00000001a113e000 	/System/Library/Frameworks/CoreServices.framework/Versions/A/Frameworks/OSServices.framework/Versions/A/OSServices
0x00000001a172d000 	/System/Library/Frameworks/CoreServices.framework/Versions/A/Frameworks/SearchKit.framework/Versions/A/SearchKit
0x000000019b14c000 	/System/Library/Frameworks/CoreServices.framework/Versions/A/Frameworks/AE.framework/Versions/A/AE
0x00000001940ed000 	/System/Library/Frameworks/CoreServices.framework/Versions/A/Frameworks/LaunchServices.framework/Versions/A/LaunchServices
0x00000001a2a91000 	/System/Library/Frameworks/CoreServices.framework/Versions/A/Frameworks/DictionaryServices.framework/Versions/A/DictionaryServices
0x000000019cda2000 	/System/Library/Frameworks/CoreServices.framework/Versions/A/Frameworks/SharedFileList.framework/Versions/A/SharedFileList
0x0000000194a33000 	/System/Library/Frameworks/SystemConfiguration.framework/Versions/A/SystemConfiguration
0x00000001a17c8000 	/usr/lib/libapple_nghttp2.dylib
0x00000001a17fe000 	/usr/lib/libcompression.dylib
0x000000019adb4000 	/usr/lib/libsqlite3.dylib
0x000000019c1d2000 	/System/Library/PrivateFrameworks/CoreAnalytics.framework/Versions/A/CoreAnalytics
0x0000000199c39000 	/System/Library/Frameworks/CoreGraphics.framework/Versions/A/CoreGraphics
0x00000001a54f7000 	/System/Library/Frameworks/GSS.framework/Versions/A/GSS
0x00000001a3d1c000 	/System/Library/PrivateFrameworks/InternationalSupport.framework/Versions/A/InternationalSupport
0x000000019b0e5000 	/System/Library/PrivateFrameworks/RunningBoardServices.framework/Versions/A/RunningBoardServices
0x000000019966c000 	/usr/lib/libenergytrace.dylib
0x000000019b1db000 	/System/Library/Frameworks/Network.framework/Versions/A/Network
0x000000019c204000 	/usr/lib/libDiagnosticMessagesClient.dylib
0x00000001a0a59000 	/usr/lib/libbsm.0.dylib
0x00000001a15e3000 	/usr/lib/system/libkxld.dylib
0x000000026d9a1000 	/usr/lib/libCoreEntitlements.dylib
0x000000024d58b000 	/System/Library/PrivateFrameworks/MessageSecurity.framework/Versions/A/MessageSecurity
0x000000019ad9a000 	/System/Library/PrivateFrameworks/ProtocolBuffer.framework/Versions/A/ProtocolBuffer
0x000000019966e000 	/usr/lib/libMobileGestalt.dylib
0x00000001a111f000 	/System/Library/PrivateFrameworks/AppleFSCompression.framework/Versions/A/AppleFSCompression
0x00000001a0a41000 	/usr/lib/libcoretls.dylib
0x00000001a2b07000 	/usr/lib/libcoretls_cfhelpers.dylib
0x00000001a17f8000 	/usr/lib/libpam.2.dylib
0x00000001a2b7a000 	/usr/lib/libxar.1.dylib
0x000000019cdd0000 	/System/Library/PrivateFrameworks/CoreAutoLayout.framework/Versions/A/CoreAutoLayout
0x000000019c2ef000 	/System/Library/Frameworks/DiskArbitration.framework/Versions/A/DiskArbitration
0x00000001a16a4000 	/usr/lib/libarchive.2.dylib
0x000000019ce1a000 	/usr/lib/libxml2.2.dylib
0x000000019fb3a000 	/usr/lib/liblangid.dylib
0x00000001a6bcb000 	/System/Library/Frameworks/Combine.framework/Versions/A/Combine
0x0000000238757000 	/System/Library/PrivateFrameworks/CollectionsInternal.framework/Versions/A/CollectionsInternal
0x0000000254aa3000 	/System/Library/PrivateFrameworks/ReflectionInternal.framework/Versions/A/ReflectionInternal
0x0000000255623000 	/System/Library/PrivateFrameworks/RuntimeInternal.framework/Versions/A/RuntimeInternal
0x00000001bb3e2000 	/usr/lib/swift/libswiftCoreFoundation.dylib
0x00000001b8c42000 	/usr/lib/swift/libswiftDarwin.dylib
0x00000001aa6a6000 	/usr/lib/swift/libswiftDispatch.dylib
0x00000001bb440000 	/usr/lib/swift/libswiftIOKit.dylib
0x000000026e5e9000 	/usr/lib/swift/libswiftSystem.dylib
0x00000001bb3f4000 	/usr/lib/swift/libswiftXPC.dylib
0x000000026e662000 	/usr/lib/swift/libswift_Builtin_float.dylib
0x000000026e667000 	/usr/lib/swift/libswift_Concurrency.dylib
0x000000026e7cf000 	/usr/lib/swift/libswift_StringProcessing.dylib
0x000000026e882000 	/usr/lib/swift/libswift_errno.dylib
0x000000026e884000 	/usr/lib/swift/libswift_math.dylib
0x000000026e887000 	/usr/lib/swift/libswift_signal.dylib
0x000000026e888000 	/usr/lib/swift/libswift_stdio.dylib
0x000000026e889000 	/usr/lib/swift/libswift_time.dylib
0x00000001ad277000 	/usr/lib/swift/libswiftos.dylib
0x000000026e88a000 	/usr/lib/swift/libswiftsys_time.dylib
0x000000026e88b000 	/usr/lib/swift/libswiftunistd.dylib
0x000000019fb35000 	/System/Library/PrivateFrameworks/AppleSystemInfo.framework/Versions/A/AppleSystemInfo
0x00000001bb2d4000 	/System/Library/PrivateFrameworks/LoggingSupport.framework/Versions/A/LoggingSupport
0x000000019cfa4000 	/System/Library/PrivateFrameworks/UserManagement.framework/Versions/A/UserManagement
0x00000001991bf000 	/usr/lib/libboringssl.dylib
0x000000019b1c1000 	/usr/lib/libdns_services.dylib
0x00000001ba4f0000 	/usr/lib/libquic.dylib
0x00000001a477a000 	/usr/lib/libusrtcp.dylib
0x000000026e534000 	/usr/lib/swift/libswiftDistributed.dylib
0x0000000199289000 	/usr/lib/libnetwork.dylib
0x00000001a17a2000 	/System/Library/PrivateFrameworks/AppleSauce.framework/Versions/A/AppleSauce
0x000000026e56c000 	/usr/lib/swift/libswiftObservation.dylib
0x00000001948d0000 	/System/Library/PrivateFrameworks/Lexicon.framework/Versions/A/Lexicon
0x00000002478a4000 	/System/Library/PrivateFrameworks/IO80211.framework/Versions/A/IO80211
0x00000001aa943000 	/System/Library/PrivateFrameworks/FrontBoardServices.framework/Versions/A/FrontBoardServices
0x00000001a0969000 	/System/Library/Frameworks/SecurityFoundation.framework/Versions/A/SecurityFoundation
0x000000019fc5c000 	/System/Library/PrivateFrameworks/LinguisticData.framework/Versions/A/LinguisticData
0x00000001a0744000 	/System/Library/PrivateFrameworks/IOMobileFramebuffer.framework/Versions/A/IOMobileFramebuffer
0x000000019e91d000 	/System/Library/Frameworks/IOSurface.framework/Versions/A/IOSurface
0x000000019b000000 	/System/Library/PrivateFrameworks/BaseBoard.framework/Versions/A/BaseBoard
0x00000001aaa0f000 	/System/Library/PrivateFrameworks/BoardServices.framework/Versions/A/BoardServices
0x00000001a095b000 	/System/Library/PrivateFrameworks/AssertionServices.framework/Versions/A/AssertionServices
0x00000001ac603000 	/System/Library/PrivateFrameworks/BackBoardServices.framework/Versions/A/BackBoardServices
0x000000019f337000 	/System/Library/Frameworks/ImageIO.framework/Versions/A/ImageIO
0x0000000199722000 	/System/Library/PrivateFrameworks/SkyLight.framework/Versions/A/SkyLight
0x000000019ed4b000 	/System/Library/PrivateFrameworks/FontServices.framework/libFontParser.dylib
0x00000001a8f52000 	/System/Library/Frameworks/Accelerate.framework/Versions/A/Accelerate
0x0000000199700000 	/System/Library/PrivateFrameworks/TCC.framework/Versions/A/TCC
0x00000001aff5c000 	/System/Library/PrivateFrameworks/IOSurfaceAccelerator.framework/Versions/A/IOSurfaceAccelerator
0x00000001a35db000 	/System/Library/PrivateFrameworks/WatchdogClient.framework/Versions/A/WatchdogClient
0x0000000195dd9000 	/System/Library/Frameworks/CoreDisplay.framework/Versions/A/CoreDisplay
0x000000019ebe1000 	/System/Library/Frameworks/CoreMedia.framework/Versions/A/CoreMedia
0x000000019e936000 	/System/Library/PrivateFrameworks/IOAccelerator.framework/Versions/A/IOAccelerator
0x000000019e940000 	/System/Library/Frameworks/Metal.framework/Versions/A/Metal
0x000000019cf04000 	/System/Library/Frameworks/CoreVideo.framework/Versions/A/CoreVideo
0x00000001a17f6000 	/System/Library/Frameworks/MetalPerformanceShaders.framework/Versions/A/MetalPerformanceShaders
0x00000001a35dd000 	/System/Library/PrivateFrameworks/MultitouchSupport.framework/Versions/A/MultitouchSupport
0x000000019c6d1000 	/System/Library/Frameworks/QuartzCore.framework/Versions/A/QuartzCore
0x0000000253fe8000 	/System/Library/PrivateFrameworks/ProDisplayLibrary.framework/Versions/A/ProDisplayLibrary
0x00000001a3622000 	/System/Library/Frameworks/VideoToolbox.framework/Versions/A/VideoToolbox
0x00000001c7832000 	/usr/lib/swift/libswiftMetal.dylib
0x00000001d597f000 	/usr/lib/swift/libswiftOSLog.dylib
0x00000001cc10a000 	/usr/lib/swift/libswiftQuartzCore.dylib
0x00000001d05b5000 	/usr/lib/swift/libswiftUniformTypeIdentifiers.dylib
0x00000001bea6e000 	/usr/lib/swift/libswiftsimd.dylib
0x00000001a0942000 	/System/Library/PrivateFrameworks/MobileKeyBag.framework/Versions/A/MobileKeyBag
0x000000019fb33000 	/System/Library/PrivateFrameworks/AggregateDictionary.framework/Versions/A/AggregateDictionary
0x00000001a2b09000 	/System/Library/PrivateFrameworks/APFS.framework/Versions/A/APFS
0x0000000235141000 	/System/Library/PrivateFrameworks/AppleKeyStore.framework/Versions/A/AppleKeyStore
0x00000001a2b89000 	/usr/lib/libutil.dylib
0x00000001a2ae8000 	/usr/lib/liblzma.5.dylib
0x000000019c2f8000 	/System/Library/Frameworks/Accelerate.framework/Versions/A/Frameworks/vImage.framework/Versions/A/vImage
0x00000001a8c85000 	/System/Library/Frameworks/Accelerate.framework/Versions/A/Frameworks/vecLib.framework/Versions/A/vecLib
0x00000001a2bc1000 	/System/Library/Frameworks/Accelerate.framework/Versions/A/Frameworks/vecLib.framework/Versions/A/libvMisc.dylib
0x0000000194540000 	/System/Library/Frameworks/Accelerate.framework/Versions/A/Frameworks/vecLib.framework/Versions/A/libBLAS.dylib
0x00000001acd13000 	/System/Library/Frameworks/ApplicationServices.framework/Versions/A/ApplicationServices
0x000000019a352000 	/System/Library/Frameworks/ColorSync.framework/Versions/A/ColorSync
0x00000001962a1000 	/System/Library/Frameworks/CoreText.framework/Versions/A/CoreText
0x00000001a50d3000 	/System/Library/Frameworks/ApplicationServices.framework/Versions/A/Frameworks/ATS.framework/Versions/A/ATS
0x000000019a50a000 	/System/Library/Frameworks/ApplicationServices.framework/Versions/A/Frameworks/HIServices.framework/Versions/A/HIServices
0x00000001a3bfc000 	/System/Library/Frameworks/ApplicationServices.framework/Versions/A/Frameworks/PrintCore.framework/Versions/A/PrintCore
0x00000001a54bf000 	/System/Library/Frameworks/ApplicationServices.framework/Versions/A/Frameworks/QD.framework/Versions/A/QD
0x00000001a54b6000 	/System/Library/Frameworks/ApplicationServices.framework/Versions/A/Frameworks/ColorSyncLegacy.framework/Versions/A/ColorSyncLegacy
0x00000001a50a5000 	/System/Library/Frameworks/ApplicationServices.framework/Versions/A/Frameworks/SpeechSynthesis.framework/Versions/A/SpeechSynthesis
0x00000001a0711000 	/System/Library/PrivateFrameworks/CoreEmoji.framework/Versions/A/CoreEmoji
0x000000023f0bf000 	/System/Library/PrivateFrameworks/FontServices.framework/Versions/A/FontServices
0x0000000198d0d000 	/System/Library/Frameworks/UniformTypeIdentifiers.framework/Versions/A/UniformTypeIdentifiers
0x00000001a311c000 	/System/Library/PrivateFrameworks/OTSVG.framework/Versions/A/OTSVG
0x000000019ca94000 	/System/Library/Frameworks/ApplicationServices.framework/Versions/A/Frameworks/ATS.framework/Versions/A/Resources/libFontRegistry.dylib
0x00000001a3166000 	/System/Library/PrivateFrameworks/FontServices.framework/libhvf.dylib
0x00000002502a6000 	/System/Library/PrivateFrameworks/ParsingInternal.framework/Versions/A/ParsingInternal
0x000000026e58b000 	/usr/lib/swift/libswiftRegexBuilder.dylib
0x000000026e728000 	/usr/lib/swift/libswift_RegexParser.dylib
0x00000001a34a1000 	/System/Library/PrivateFrameworks/AppleJPEG.framework/Versions/A/AppleJPEG
0x00000001a2f36000 	/usr/lib/libexpat.1.dylib
0x00000001a3ad1000 	/System/Library/Frameworks/ImageIO.framework/Versions/A/Resources/libPng.dylib
0x00000001a3afc000 	/System/Library/Frameworks/ImageIO.framework/Versions/A/Resources/libTIFF.dylib
0x00000001a3be7000 	/System/Library/Frameworks/ImageIO.framework/Versions/A/Resources/libGIF.dylib
0x00000001a34e7000 	/System/Library/Frameworks/ImageIO.framework/Versions/A/Resources/libJP2.dylib
0x00000001a2c3e000 	/usr/lib/libate.dylib
0x00000001a3b8d000 	/System/Library/Frameworks/ImageIO.framework/Versions/A/Resources/libJPEG.dylib
0x00000001a3b84000 	/System/Library/Frameworks/ImageIO.framework/Versions/A/Resources/libRadiance.dylib
0x0000000243e84000 	/System/Library/PrivateFrameworks/GPUCompiler.framework/Versions/32023/Libraries/libllvm-flatbuffers.dylib
0x000000023f185000 	/System/Library/PrivateFrameworks/FramePacing.framework/Versions/A/FramePacing
0x00000001ef48f000 	/System/Library/Frameworks/OpenGL.framework/Versions/A/Libraries/libCoreFSCache.dylib
0x000000023fd2d000 	/System/Library/PrivateFrameworks/GPUCompiler.framework/Versions/32023/Libraries/libGPUCompilerUtils.dylib
0x000000023f0c0000 	/System/Library/PrivateFrameworks/FontServices.framework/libXTFontStaticRegistryData.dylib
0x000000019f6b8000 	/System/Library/Frameworks/CoreImage.framework/Versions/A/CoreImage
0x00000001ae3af000 	/System/Library/PrivateFrameworks/ASEProcessing.framework/Versions/A/ASEProcessing
0x00000001d8ffe000 	/System/Library/PrivateFrameworks/Symbolication.framework/Versions/A/Symbolication
0x0000000253266000 	/System/Library/PrivateFrameworks/PhotosensitivityProcessing.framework/Versions/A/PhotosensitivityProcessing
0x00000001ef49d000 	/System/Library/Frameworks/OpenGL.framework/Versions/A/OpenGL
0x00000001a3110000 	/System/Library/PrivateFrameworks/GraphVisualizer.framework/Versions/A/GraphVisualizer
0x00000001ef4ef000 	/System/Library/Frameworks/OpenGL.framework/Versions/A/Libraries/libGLU.dylib
0x00000001ef4b1000 	/System/Library/Frameworks/OpenGL.framework/Versions/A/Libraries/libGFXShared.dylib
0x00000001ef682000 	/System/Library/Frameworks/OpenGL.framework/Versions/A/Libraries/libGL.dylib
0x00000001ef4ba000 	/System/Library/Frameworks/OpenGL.framework/Versions/A/Libraries/libGLImage.dylib
0x00000001ef4ae000 	/System/Library/Frameworks/OpenGL.framework/Versions/A/Libraries/libCVMSPluginSupport.dylib
0x000000026db45000 	/usr/lib/libRosetta.dylib
0x00000001ef497000 	/System/Library/Frameworks/OpenGL.framework/Versions/A/Libraries/libCoreVMClient.dylib
0x000000019fa76000 	/System/Library/Frameworks/MetalPerformanceShaders.framework/Versions/A/Frameworks/MPSCore.framework/Versions/A/MPSCore
0x00000001a108b000 	/System/Library/Frameworks/MetalPerformanceShaders.framework/Versions/A/Frameworks/MPSImage.framework/Versions/A/MPSImage
0x00000001a0ada000 	/System/Library/Frameworks/MetalPerformanceShaders.framework/Versions/A/Frameworks/MPSNeuralNetwork.framework/Versions/A/MPSNeuralNetwork
0x00000001a0f10000 	/System/Library/Frameworks/MetalPerformanceShaders.framework/Versions/A/Frameworks/MPSMatrix.framework/Versions/A/MPSMatrix
0x00000001a0d28000 	/System/Library/Frameworks/MetalPerformanceShaders.framework/Versions/A/Frameworks/MPSRayIntersector.framework/Versions/A/MPSRayIntersector
0x00000001a0f42000 	/System/Library/Frameworks/MetalPerformanceShaders.framework/Versions/A/Frameworks/MPSNDArray.framework/Versions/A/MPSNDArray
0x00000001f2fcd000 	/System/Library/Frameworks/MetalPerformanceShaders.framework/Versions/A/Frameworks/MPSFunctions.framework/Versions/A/MPSFunctions
0x00000001f2fb1000 	/System/Library/Frameworks/MetalPerformanceShaders.framework/Versions/A/Frameworks/MPSBenchmarkLoop.framework/Versions/A/MPSBenchmarkLoop
0x00000001943c4000 	/System/Library/PrivateFrameworks/MetalTools.framework/Versions/A/MetalTools
0x00000001bfdc1000 	/System/Library/PrivateFrameworks/IOAccelMemoryInfo.framework/Versions/A/IOAccelMemoryInfo
0x00000001cc506000 	/System/Library/PrivateFrameworks/kperf.framework/Versions/A/kperf
0x00000001bb3b9000 	/System/Library/PrivateFrameworks/GPURawCounter.framework/Versions/A/GPURawCounter
0x00000001aae5b000 	/System/Library/PrivateFrameworks/CoreSymbolication.framework/Versions/A/CoreSymbolication
0x00000001bb352000 	/System/Library/PrivateFrameworks/MallocStackLogging.framework/Versions/A/MallocStackLogging
0x00000001a2cd8000 	/System/Library/PrivateFrameworks/CrashReporterSupport.framework/Versions/A/CrashReporterSupport
0x00000001aae15000 	/System/Library/PrivateFrameworks/DebugSymbols.framework/Versions/A/DebugSymbols
0x00000001cb7b4000 	/System/Library/PrivateFrameworks/OSAnalytics.framework/Versions/A/OSAnalytics
0x00000001a3bb8000 	/System/Library/Frameworks/ApplicationServices.framework/Versions/A/Frameworks/ATSUI.framework/Versions/A/ATSUI
0x00000001a5449000 	/usr/lib/libcups.2.dylib
0x00000001a54e5000 	/System/Library/Frameworks/Kerberos.framework/Versions/A/Kerberos
0x00000001a5152000 	/usr/lib/libresolv.9.dylib
0x00000001a1689000 	/usr/lib/libiconv.2.dylib
0x00000001a3178000 	/System/Library/PrivateFrameworks/Heimdal.framework/Versions/A/Heimdal
0x00000001ad1ce000 	/System/Library/Frameworks/Kerberos.framework/Versions/A/Libraries/libHeimdalProxy.dylib
0x00000001a2f51000 	/usr/lib/libheimdal-asn1.dylib
0x000000019cd67000 	/System/Library/Frameworks/OpenDirectory.framework/Versions/A/OpenDirectory
0x00000001a5552000 	/System/Library/PrivateFrameworks/CommonAuth.framework/Versions/A/CommonAuth
0x000000019cd75000 	/System/Library/Frameworks/OpenDirectory.framework/Versions/A/Frameworks/CFOpenDirectory.framework/Versions/A/CFOpenDirectory
0x00000001a15dd000 	/usr/lib/libcharset.1.dylib
0x00000001efa0e000 	/System/Library/Frameworks/AVFAudio.framework/Versions/A/AVFAudio
0x00000001b5752000 	/System/Library/PrivateFrameworks/AXCoreUtilities.framework/Versions/A/AXCoreUtilities
0x00000001a4e8c000 	/System/Library/Frameworks/AudioToolbox.framework/Versions/A/AudioToolbox
0x00000001964b1000 	/System/Library/Frameworks/CoreAudio.framework/Versions/A/CoreAudio
0x000000024a33a000 	/System/Library/PrivateFrameworks/IsolatedCoreAudioClient.framework/Versions/A/IsolatedCoreAudioClient
0x00000001a508c000 	/usr/lib/libAudioStatistics.dylib
0x000000019ebb9000 	/System/Library/PrivateFrameworks/caulk.framework/Versions/A/caulk
0x0000000195efa000 	/System/Library/PrivateFrameworks/AudioToolboxCore.framework/Versions/A/AudioToolboxCore
0x00000001af42e000 	/System/Library/Frameworks/CoreMIDI.framework/Versions/A/CoreMIDI
0x00000001a502f000 	/System/Library/PrivateFrameworks/AudioSession.framework/Versions/A/AudioSession
0x00000001a693c000 	/System/Library/Frameworks/IOBluetooth.framework/Versions/A/IOBluetooth
0x00000001a303a000 	/System/Library/PrivateFrameworks/MediaExperience.framework/Versions/A/MediaExperience
0x0000000260bb1000 	/System/Library/PrivateFrameworks/Tightbeam.framework/Versions/A/Tightbeam
0x00000001d0c86000 	/System/Library/PrivateFrameworks/AFKUser.framework/Versions/A/AFKUser
0x00000001a315c000 	/System/Library/PrivateFrameworks/AppServerSupport.framework/Versions/A/AppServerSupport
0x00000001a54c9000 	/System/Library/PrivateFrameworks/perfdata.framework/Versions/A/perfdata
0x00000001ba5e7000 	/System/Library/PrivateFrameworks/SystemPolicy.framework/Versions/A/SystemPolicy
0x00000001a5368000 	/usr/lib/libSMC.dylib
0x00000001a3a9b000 	/usr/lib/libAudioToolboxUtility.dylib
0x00000001a54d7000 	/usr/lib/libperfcheck.dylib
0x00000002356ce000 	/System/Library/PrivateFrameworks/AudioAnalytics.framework/Versions/A/AudioAnalytics
0x00000001e3cbb000 	/System/Library/PrivateFrameworks/FeatureFlags.framework/Versions/A/FeatureFlags
0x00000001dca9b000 	/System/Library/Frameworks/OSLog.framework/Versions/A/OSLog
0x00000001a112b000 	/usr/lib/libbz2.1.0.dylib
0x00000001bb384000 	/usr/lib/libmis.dylib
0x00000001a4e43000 	/System/Library/PrivateFrameworks/AudioSession.framework/libSessionUtility.dylib
0x00000001a3bed000 	/System/Library/PrivateFrameworks/CMCaptureCore.framework/Versions/A/CMCaptureCore
0x00000001a3172000 	/usr/lib/libspindump.dylib
0x00000001f10a4000 	/System/Library/Frameworks/ExtensionFoundation.framework/Versions/A/ExtensionFoundation
0x00000001aaf6f000 	/System/Library/PrivateFrameworks/CoreTime.framework/Versions/A/CoreTime
0x00000001a2e33000 	/System/Library/PrivateFrameworks/PlugInKit.framework/Versions/A/PlugInKit
0x00000001a9ba5000 	/System/Library/PrivateFrameworks/PowerLog.framework/Versions/A/PowerLog
0x00000001a9ab7000 	/System/Library/Frameworks/CoreBluetooth.framework/Versions/A/CoreBluetooth
0x00000001ad1cf000 	/System/Library/Frameworks/AudioUnit.framework/Versions/A/AudioUnit
0x00000001a07d3000 	/System/Library/PrivateFrameworks/CoreUtils.framework/Versions/A/CoreUtils
0x000000023c0c0000 	/System/Library/PrivateFrameworks/CoreUtilsExtras.framework/Versions/A/CoreUtilsExtras
0x00000001a8fa1000 	/System/Library/Frameworks/MediaAccessibility.framework/Versions/A/MediaAccessibility
0x00000001c3590000 	/System/Library/PrivateFrameworks/AttributeGraph.framework/Versions/A/AttributeGraph
0x000000026d7e6000 	/usr/lib/libAXSafeCategoryBundle.dylib
0x00000001b580f000 	/usr/lib/libAccessibility.dylib
0x00000001a061e000 	/System/Library/Frameworks/Accelerate.framework/Versions/A/Frameworks/vecLib.framework/Versions/A/libvDSP.dylib
0x00000001a18d4000 	/System/Library/Frameworks/Accelerate.framework/Versions/A/Frameworks/vecLib.framework/Versions/A/libLAPACK.dylib
0x00000001a0ac5000 	/System/Library/Frameworks/Accelerate.framework/Versions/A/Frameworks/vecLib.framework/Versions/A/libLinearAlgebra.dylib
0x00000001a17e3000 	/System/Library/Frameworks/Accelerate.framework/Versions/A/Frameworks/vecLib.framework/Versions/A/libSparseBLAS.dylib
0x00000001a18cf000 	/System/Library/Frameworks/Accelerate.framework/Versions/A/Frameworks/vecLib.framework/Versions/A/libQuadrature.dylib
0x000000019fc63000 	/System/Library/Frameworks/Accelerate.framework/Versions/A/Frameworks/vecLib.framework/Versions/A/libBNNS.dylib
0x00000001949d2000 	/System/Library/Frameworks/Accelerate.framework/Versions/A/Frameworks/vecLib.framework/Versions/A/libSparse.dylib
0x000000024b7e7000 	/System/Library/PrivateFrameworks/MIL.framework/Versions/A/MIL
0x00000001a3b7f000 	/System/Library/PrivateFrameworks/GPUWrangler.framework/Versions/A/GPUWrangler
0x00000001a3b5f000 	/System/Library/PrivateFrameworks/IOPresentment.framework/Versions/A/IOPresentment
0x00000001a3b87000 	/System/Library/PrivateFrameworks/DSExternalDisplay.framework/Versions/A/DSExternalDisplay
0x00000001dcea6000 	/System/Library/PrivateFrameworks/HIDDisplay.framework/Versions/A/HIDDisplay
0x00000001b456d000 	/System/Library/PrivateFrameworks/HID.framework/Versions/A/HID
0x00000002640c9000 	/System/Library/PrivateFrameworks/VideoToolboxParavirtualizationSupport.framework/Versions/A/VideoToolboxParavirtualizationSupport
0x00000001a2eec000 	/System/Library/PrivateFrameworks/AppleVA.framework/Versions/A/AppleVA
0x00000001aaab9000 	/System/Library/PrivateFrameworks/GraphicsServices.framework/Versions/A/GraphicsServices
0x000000019a9ae000 	/System/Library/Frameworks/CoreData.framework/Versions/A/CoreData
0x00000001a56bf000 	/System/Library/PrivateFrameworks/CorePhoneNumbers.framework/Versions/A/CorePhoneNumbers
0x00000001a9c95000 	/System/Library/PrivateFrameworks/MediaKit.framework/Versions/A/MediaKit
0x00000001a9be0000 	/System/Library/Frameworks/DiscRecording.framework/Versions/A/DiscRecording
0x000000019fb3c000 	/System/Library/PrivateFrameworks/CoreNLP.framework/Versions/A/CoreNLP
0x00000001a0a6b000 	/usr/lib/libmecab.dylib
0x0000000194ac7000 	/usr/lib/libCRFSuite.dylib
0x00000001a0ac2000 	/usr/lib/libgermantok.dylib
0x00000001a1799000 	/usr/lib/libThaiTokenizer.dylib
0x00000001f09c2000 	/System/Library/Frameworks/CoreTransferable.framework/Versions/A/CoreTransferable
0x00000001a54a9000 	/System/Library/PrivateFrameworks/NetAuth.framework/Versions/A/NetAuth
0x00000001a2fa8000 	/System/Library/PrivateFrameworks/IconServices.framework/Versions/A/IconServices
0x000000019cf65000 	/System/Library/PrivateFrameworks/login.framework/Versions/A/Frameworks/loginsupport.framework/Versions/A/loginsupport
0x00000001bb43f000 	/usr/lib/swift/libswiftCoreImage.dylib
0x00000001a2f5c000 	/System/Library/PrivateFrameworks/IconFoundation.framework/Versions/A/IconFoundation
0x000000019cae6000 	/System/Library/PrivateFrameworks/CoreUI.framework/Versions/A/CoreUI
0x00000001a3c74000 	/System/Library/PrivateFrameworks/TextureIO.framework/Versions/A/TextureIO
0x000000019f2fb000 	/System/Library/PrivateFrameworks/CoreSVG.framework/Versions/A/CoreSVG
0x00000001d05c4000 	/usr/lib/swift/libswiftAccelerate.dylib
0x00000001a2ccf000 	/usr/lib/libIOReport.dylib
0x000000023533b000 	/System/Library/PrivateFrameworks/AppleMobileFileIntegrity.framework/Versions/A/AppleMobileFileIntegrity
0x000000026db8b000 	/usr/lib/libTLE.dylib
0x00000001ec3fe000 	/System/Library/PrivateFrameworks/ConfigProfileHelper.framework/Versions/A/ConfigProfileHelper
0x00000001a3d2c000 	/System/Library/PrivateFrameworks/DataDetectorsCore.framework/Versions/A/DataDetectorsCore
0x0000000198b61000 	/System/Library/PrivateFrameworks/UIFoundation.framework/Versions/A/UIFoundation
0x00000001a0a35000 	/usr/lib/libCheckFix.dylib
0x000000019c206000 	/System/Library/PrivateFrameworks/MetadataUtilities.framework/Versions/A/MetadataUtilities
0x0000000247ab9000 	/System/Library/PrivateFrameworks/InstalledContentLibrary.framework/Versions/A/InstalledContentLibrary
0x00000001975d4000 	/System/Library/PrivateFrameworks/CoreServicesStore.framework/Versions/A/CoreServicesStore
0x000000019cdcc000 	/usr/lib/libapp_launch_measurement.dylib
0x00000001cc603000 	/System/Library/PrivateFrameworks/MobileSystemServices.framework/Versions/A/MobileSystemServices
0x00000001a2b8d000 	/usr/lib/libxslt.1.dylib
0x00000001a09f7000 	/System/Library/PrivateFrameworks/BackgroundTaskManagement.framework/Versions/A/BackgroundTaskManagement
0x00000001ac989000 	/usr/lib/libcurl.4.dylib
0x000000026ddc3000 	/usr/lib/libcrypto.46.dylib
0x000000026e310000 	/usr/lib/libssl.48.dylib
0x00000001ac65d000 	/System/Library/Frameworks/LDAP.framework/Versions/A/LDAP
0x00000001ac699000 	/System/Library/PrivateFrameworks/TrustEvaluationAgent.framework/Versions/A/TrustEvaluationAgent
0x00000001a516b000 	/usr/lib/libsasl2.2.dylib
0x00000001af5f5000 	/System/Library/Frameworks/Cocoa.framework/Versions/A/Cocoa
0x0000000197765000 	/System/Library/Frameworks/AppKit.framework/Versions/C/AppKit
0x0000000238733000 	/System/Library/PrivateFrameworks/CollectionViewCore.framework/Versions/A/CollectionViewCore
0x00000001a888c000 	/System/Library/PrivateFrameworks/RemoteViewServices.framework/Versions/A/RemoteViewServices
0x000000019f2f5000 	/System/Library/PrivateFrameworks/XCTTargetBootstrap.framework/Versions/A/XCTTargetBootstrap
0x00000001a3d7b000 	/System/Library/PrivateFrameworks/UserActivity.framework/Versions/A/UserActivity
0x0000000262834000 	/System/Library/PrivateFrameworks/UIIntelligenceSupport.framework/Versions/A/UIIntelligenceSupport
0x000000022f819000 	/System/Library/Frameworks/SwiftUICore.framework/Versions/A/SwiftUICore
0x00000002673ad000 	/System/Library/PrivateFrameworks/WritingTools.framework/Versions/A/WritingTools
0x0000000266444000 	/System/Library/PrivateFrameworks/WindowManagement.framework/Versions/A/WindowManagement
0x000000019f2e0000 	/System/Library/PrivateFrameworks/DFRFoundation.framework/Versions/A/DFRFoundation
0x00000001beb14000 	/System/Library/PrivateFrameworks/TextInput.framework/Versions/A/TextInput
0x000000019efd8000 	/System/Library/Frameworks/Carbon.framework/Versions/A/Frameworks/HIToolbox.framework/Versions/A/HIToolbox
0x00000001a88c7000 	/System/Library/Frameworks/Carbon.framework/Versions/A/Frameworks/SpeechRecognition.framework/Versions/A/SpeechRecognition
0x00000001b38e5000 	/System/Library/PrivateFrameworks/RenderBox.framework/Versions/A/RenderBox
0x000000019cd5d000 	/System/Library/PrivateFrameworks/PerformanceAnalysis.framework/Versions/A/PerformanceAnalysis
0x00000001a8c2c000 	/System/Library/Frameworks/Accessibility.framework/Versions/A/Accessibility
0x00000001f0f56000 	/System/Library/Frameworks/DeveloperToolsSupport.framework/Versions/A/DeveloperToolsSupport
0x00000002303e3000 	/System/Library/Frameworks/Symbols.framework/Versions/A/Symbols
0x00000001d9745000 	/System/Library/PrivateFrameworks/CoreMaterial.framework/Versions/A/CoreMaterial
0x0000000255715000 	/System/Library/PrivateFrameworks/SFSymbols.framework/Versions/A/SFSymbols
0x00000001a88b4000 	/System/Library/PrivateFrameworks/SpeechRecognitionCore.framework/Versions/A/SpeechRecognitionCore
0x0000000109800000 	/opt/homebrew/Cellar/openjdk/25.0.1/libexec/openjdk.jdk/Contents/Home/lib/server/libjvm.dylib
0x00000001041f0000 	/opt/homebrew/Cellar/openjdk/25.0.1/libexec/openjdk.jdk/Contents/Home/lib/libjimage.dylib
0x0000000104220000 	/opt/homebrew/Cellar/openjdk/25.0.1/libexec/openjdk.jdk/Contents/Home/lib/libinstrument.dylib
0x000000010426c000 	/opt/homebrew/Cellar/openjdk/25.0.1/libexec/openjdk.jdk/Contents/Home/lib/libjava.dylib
0x00000001046b4000 	/opt/homebrew/Cellar/openjdk/25.0.1/libexec/openjdk.jdk/Contents/Home/lib/libzip.dylib
0x00000001046ec000 	/opt/homebrew/Cellar/openjdk/25.0.1/libexec/openjdk.jdk/Contents/Home/lib/libnio.dylib
0x000000010470c000 	/opt/homebrew/Cellar/openjdk/25.0.1/libexec/openjdk.jdk/Contents/Home/lib/libnet.dylib
0x00000001046cc000 	/opt/homebrew/Cellar/openjdk/25.0.1/libexec/openjdk.jdk/Contents/Home/lib/libverify.dylib
0x0000000104748000 	/Users/fengjui/Library/Application Support/Code/User/globalStorage/redhat.java/1.51.2025120508/config_mac/org.eclipse.equinox.launcher/org.eclipse.equinox.launcher.cocoa.macosx.aarch64_1.2.1400.v20250801-0854/eclipse_11916.so
0x000000019cc3f000 	/System/Library/PrivateFrameworks/ViewBridge.framework/Versions/A/ViewBridge
0x0000000109588000 	/opt/homebrew/Cellar/openjdk/25.0.1/libexec/openjdk.jdk/Contents/Home/lib/libextnet.dylib

JVMTI agents:
/Users/fengjui/.vscode/extensions/redhat.java-1.51.2025120508/lombok/lombok-1.18.39-4050.jar path:none, loaded, initialized, instrumentlib options:none


VM Arguments:
jvm_args: -Djdk.xml.maxGeneralEntitySizeLimit=0 -Djdk.xml.totalEntitySizeLimit=0 --add-modules=ALL-SYSTEM --add-opens=java.base/java.util=ALL-UNNAMED --add-opens=java.base/java.lang=ALL-UNNAMED --add-opens=java.base/sun.nio.fs=ALL-UNNAMED -Declipse.application=org.eclipse.jdt.ls.core.id1 -Dosgi.bundles.defaultStartLevel=4 -Declipse.product=org.eclipse.jdt.ls.core.product -Djava.import.generatesMetadataFilesAtProjectRoot=false -DDetectVMInstallationsJob.disabled=true -Dfile.encoding=utf8 -XX:+UseParallelGC -XX:GCTimeRatio=4 -XX:AdaptiveSizePolicyWeight=90 -Dsun.zip.disableMemoryMapping=true -Xmx2G -Xms100m -Xlog:disable -javaagent:/Users/fengjui/.vscode/extensions/redhat.java-1.51.2025120508/lombok/lombok-1.18.39-4050.jar -XX:+HeapDumpOnOutOfMemoryError -XX:HeapDumpPath=/Users/fengjui/Library/Application Support/Code/User/workspaceStorage/1f69b4f4f535ba1db53e49b8b07fbb34/redhat.java -Daether.dependencyCollector.impl=bf -XX:+UnlockDiagnosticVMOptions -XX:+AllowArchivingWithJavaAgent -XX:+AutoCreateSharedArchive -XX:SharedArchiveFile=/Users/fengjui/Library/Application Support/Code/User/globalStorage/redhat.java/1.51.2025120508/jdtls.jsa 
java_command: /Users/fengjui/.vscode/extensions/redhat.java-1.51.2025120508/server/plugins/org.eclipse.equinox.launcher_1.7.100.v20251111-0406.jar -configuration /Users/fengjui/Library/Application Support/Code/User/globalStorage/redhat.java/1.51.2025120508/config_mac -data /Users/fengjui/Library/Application Support/Code/User/workspaceStorage/1f69b4f4f535ba1db53e49b8b07fbb34/redhat.java/jdt_ws --pipe=/private/var/folders/k0/g54dtb955sl_pgdcp17hjvh00000gn/T/lsp-b054edadec23b66d907b70aceb8e5ac7.sock
java_class_path (initial): /Users/fengjui/.vscode/extensions/redhat.java-1.51.2025120508/server/plugins/org.eclipse.equinox.launcher_1.7.100.v20251111-0406.jar
Launcher Type: SUN_STANDARD

[Global flags]
     bool AOTInvokeDynamicLinking                  = false                                  {diagnostic} {ergonomic}
     bool AOTRecordTraining                        = false                                  {diagnostic} {ergonomic}
     bool AOTReplayTraining                        = false                                  {diagnostic} {ergonomic}
     uint AdaptiveSizePolicyWeight                 = 90                                        {product} {command line}
     bool AllowArchivingWithJavaAgent              = true                                   {diagnostic} {command line}
    ccstr ArchiveClassesAtExit                     = /Users/fengjui/Library/Application Support/Code/User/globalStorage/redhat.java/1.51.2025120508/jdtls.jsa            {product} {ergonomic}
     bool AutoCreateSharedArchive                  = true                                      {product} {command line}
     intx CICompilerCount                          = 4                                         {product} {ergonomic}
     uint GCTimeRatio                              = 4                                         {product} {command line}
     bool HeapDumpOnOutOfMemoryError               = true                                   {manageable} {command line}
    ccstr HeapDumpPath                             = /Users/fengjui/Library/Application Support/Code/User/workspaceStorage/1f69b4f4f535ba1db53e49b8b07fbb34/redhat.java         {manageable} {command line}
   size_t InitialHeapSize                          = 109051904                                 {product} {command line, ergonomic}
   size_t MaxHeapSize                              = 2147483648                                {product} {command line}
   size_t MaxNewSize                               = 715653120                                 {product} {ergonomic}
   size_t MinHeapDeltaBytes                        = 524288                                    {product} {ergonomic}
   size_t MinHeapSize                              = 109051904                                 {product} {command line, ergonomic}
   size_t NewSize                                  = 36175872                                  {product} {ergonomic}
    uintx NonNMethodCodeHeapSize                   = 5832704                                {pd product} {ergonomic}
    uintx NonProfiledCodeHeapSize                  = 122929152                              {pd product} {ergonomic}
    uintx ProfiledCodeHeapSize                     = 122896384                              {pd product} {ergonomic}
    uintx ReservedCodeCacheSize                    = 251658240                              {pd product} {ergonomic}
     bool SegmentedCodeCache                       = true                                      {product} {ergonomic}
    ccstr SharedArchiveFile                        =                                           {product} {command line, ergonomic}
   size_t SoftMaxHeapSize                          = 2147483648                             {manageable} {ergonomic}
     bool UnlockDiagnosticVMOptions                = true                                   {diagnostic} {command line}
     bool UseCompressedOops                        = true                           {product lp64_product} {ergonomic}
     bool UseNUMA                                  = false                                     {product} {ergonomic}
     bool UseNUMAInterleaving                      = false                                     {product} {ergonomic}
     bool UseParallelGC                            = true                                      {product} {command line}

Logging:
Log output configuration:
 #0: stdout all=off uptime,level,tags foldmultilines=false
 #1: stderr all=off uptime,level,tags foldmultilines=false

Release file:
IMPLEMENTOR="Homebrew"
IMPLEMENTOR_VERSION="Homebrew"
JAVA_RUNTIME_VERSION="25.0.1"
JAVA_VERSION="25.0.1"
JAVA_VERSION_DATE="2025-10-21"
LIBC="default"
MODULES="java.base java.compiler java.datatransfer java.xml java.prefs java.desktop java.instrument java.logging java.management java.security.sasl java.naming java.rmi java.management.rmi java.net.http java.scripting java.security.jgss java.transaction.xa java.sql java.sql.rowset java.xml.crypto java.se java.smartcardio jdk.accessibility jdk.internal.jvmstat jdk.attach jdk.charsets jdk.internal.opt jdk.zipfs jdk.compiler jdk.crypto.cryptoki jdk.crypto.ec jdk.dynalink jdk.internal.ed jdk.editpad jdk.internal.vm.ci jdk.graal.compiler jdk.graal.compiler.management jdk.hotspot.agent jdk.httpserver jdk.incubator.vector jdk.internal.le jdk.internal.md jdk.jartool jdk.javadoc jdk.jcmd jdk.management jdk.management.agent jdk.jconsole jdk.jdeps jdk.jdwp.agent jdk.jdi jdk.jfr jdk.jlink jdk.jpackage jdk.jshell jdk.jsobject jdk.jstatd jdk.localedata jdk.management.jfr jdk.naming.dns jdk.naming.rmi jdk.net jdk.nio.mapmode jdk.sctp jdk.security.auth jdk.security.jgss jdk.unsupported jdk.unsupported.desktop jdk.xml.dom"
OS_ARCH="aarch64"
OS_NAME="Darwin"
SOURCE=""

Environment Variables:
PATH=/Applications/anaconda3/bin:/opt/homebrew/bin:/opt/homebrew/sbin:/usr/local/bin:/System/Cryptexes/App/usr/bin:/usr/bin:/bin:/usr/sbin:/sbin:/var/run/com.apple.security.cryptexd/codex.system/bootstrap/usr/local/bin:/var/run/com.apple.security.cryptexd/codex.system/bootstrap/usr/bin:/var/run/com.apple.security.cryptexd/codex.system/bootstrap/usr/appleinternal/bin:/Library/Apple/usr/bin
SHELL=/bin/zsh
TMPDIR=/var/folders/k0/g54dtb955sl_pgdcp17hjvh00000gn/T/

Active Locale:
LC_ALL=C
LC_COLLATE=C
LC_CTYPE=C
LC_MESSAGES=C
LC_MONETARY=C
LC_NUMERIC=C
LC_TIME=C

Signal Handlers:
   SIGSEGV: crash_handler in libjvm.dylib, mask=11100110000111110111111111111111, flags=SA_ONSTACK|SA_RESTART|SA_SIGINFO, unblocked
    SIGBUS: crash_handler in libjvm.dylib, mask=11100110000111110111111111111111, flags=SA_RESTART|SA_SIGINFO, unblocked
    SIGFPE: crash_handler in libjvm.dylib, mask=11100110000111110111111111111111, flags=SA_RESTART|SA_SIGINFO, unblocked
   SIGPIPE: javaSignalHandler in libjvm.dylib, mask=11100110000111110111111111111111, flags=SA_RESTART|SA_SIGINFO, blocked
   SIGXFSZ: javaSignalHandler in libjvm.dylib, mask=11100110000111110111111111111111, flags=SA_RESTART|SA_SIGINFO, blocked
    SIGILL: crash_handler in libjvm.dylib, mask=11100110000111110111111111111111, flags=SA_RESTART|SA_SIGINFO, unblocked
   SIGUSR2: SR_handler in libjvm.dylib, mask=00000000000000000000000000000000, flags=SA_RESTART|SA_SIGINFO, blocked
    SIGHUP: UserHandler in libjvm.dylib, mask=11100110000111110111111111111111, flags=SA_RESTART|SA_SIGINFO, blocked
    SIGINT: UserHandler in libjvm.dylib, mask=11100110000111110111111111111111, flags=SA_RESTART|SA_SIGINFO, blocked
   SIGTERM: UserHandler in libjvm.dylib, mask=11100110000111110111111111111111, flags=SA_RESTART|SA_SIGINFO, blocked
   SIGQUIT: UserHandler in libjvm.dylib, mask=11100110000111110111111111111111, flags=SA_RESTART|SA_SIGINFO, blocked
   SIGTRAP: crash_handler in libjvm.dylib, mask=11100110000111110111111111111111, flags=SA_RESTART|SA_SIGINFO, unblocked


Compilation memory statistics disabled.

Periodic native trim disabled

---------------  S Y S T E M  ---------------

OS:
uname: Darwin 24.1.0 Darwin Kernel Version 24.1.0: Thu Oct 10 21:02:26 PDT 2024; root:xnu-11215.41.3~2/RELEASE_ARM64_T8122 arm64
OS uptime: 8 days 23:39 hours
rlimit (soft/hard): STACK 8176k/65520k , CORE 0k/infinity , NPROC 1333/2000 , NOFILE 1048576/infinity , AS infinity/infinity , CPU infinity/infinity , DATA infinity/infinity , FSIZE infinity/infinity , MEMLOCK infinity/infinity , RSS infinity/infinity
load average: 6.35 4.84 3.70

CPU: total 8 (initial active 8) 0x61:0x0:0xfa33415e:0, fp, asimd, aes, pmull, sha1, sha256, crc32, lse, sha3, sha512
machdep.cpu.brand_string:Apple M3
hw.cachelinesize:128
hw.l1icachesize:131072
hw.l1dcachesize:65536
hw.l2cachesize:4194304

Memory: 16k page, physical 8388608k(147360k free), swap 14680064k(1186752k free)

vm_info: OpenJDK 64-Bit Server VM (25.0.1) for bsd-aarch64 JRE (25.0.1), built on 2025-09-25T16:16:56Z with clang Apple LLVM 17.0.0 (clang-1700.0.13.3)

END.
